name, link, rating, votes, year, releaseDate, genres, runtime, plot, image, imageCaption, metascore, certificate, status, keywords, countriesOfOrigin, meterRanking, meterRankChange, directors, writers, stars, topCast, budget, openingWeekendGross, lifetimeGross, worldwideGross, filmingLocations, spokenLanguages, soundMix, aspectRatio, color, awardWins, awardNominations, titleType, isSeries, isEpisode, isAdult

"Resident Evil", "https://www.imdb.com/title/tt35538033/", "7.6", "76775", "2026", "18/9/2026", "Horror", "5640", "A hapless courier is tasked with delivering a package to a remote hospital. He soon finds himself caught in the middle of an outbreak and must fight through hordes of mutated creatures to survive.", "https://m.media-amazon.com/images/M/MV5BOGZjZWI1NTItOGUwZC00YWZkLWIxZWEtNzE2ZTIxODdjNmZmXkEyXkFqcGc@._V1_.jpg", "Austin Abrams in Resident Evil (2026)", "79", "R", "Released", "zombie horror, virus, resident evil, body horror, zombie", "DE", "1", "FLAT 0", "Zach Cregger", "Zach Cregger, Shay Hatten", "Austin Abrams, Zach Cherry, Kali Reis", "Austin Abrams, Zach Cherry, Kali Reis, Paul Walter Hauser", "USD 65,000,000", "USD 60,152,878", "USD 105,285,873", "USD 199,272,300", "Prague, Czech Republic", "English", "Dolby Digital, IMAX 6-Track, Dolby Atmos", "2.39 : 1", "Color", "0", "0", "Movie", "False", "False", "False"
"Unabomber", "https://www.imdb.com/title/tt6933238/", "6.2", "15004", "2026", "25/9/2026", "Biography, Crime, Drama", "5820", "A Harvard student becomes the Unabomber after psychological experiments. Years later, an FBI agent's pursuit reveals how his past shaped his deadly campaign that killed 3 and injured 23 from 1978-1995.", "https://m.media-amazon.com/images/M/MV5BMDE2ODhlNTUtYjdiOS00OTlmLTg5OGMtMGNjZWZmNWE4MGJiXkEyXkFqcGc@._V1_.jpg", "Jacob Tremblay in Unabomber (2026)", "46", "R", "Released", "murderer, true crime, docudrama drama, based on real people, based on true story", "US", "2", "UP 397", "Janus Metz", "Sam Chalsen, Nelson Greaves", "Russell Crowe, Shailene Woodley, Jacob Tremblay", "Russell Crowe, Shailene Woodley, Jacob Tremblay, Annabelle Wallis", "", "", "", "", "Montréal, Québec, Canada", "English", "Dolby Digital", "2.35 : 1", "Color", "0", "0", "Movie", "False", "False", "False"
"Heart of the Beast", "https://www.imdb.com/title/tt7526136/", "7.3", "13503", "2026", "25/9/2026", "Action, Adventure, Drama", "6060", "After a harrowing plane crash, Special Forces veteran James Belmont and his combat dog, Odin, find themselves stranded deep in the Alaskan wilderness. Together, they are forced into a brutal fight for survival against the elements.", "https://m.media-amazon.com/images/M/MV5BMDVlMTRhMjgtMjdmZi00NjJhLWExMmYtODExNWJkZGZjNjdhXkEyXkFqcGc@._V1_.jpg", "Brad Pitt in Heart of the Beast (2026)", "66", "PG-13", "Released", "dog, special forces soldier, alaska, combat dog, alaskan wilderness", "US", "3", "UP 13", "David Ayer", "", "Brad Pitt, J.K. Simmons, Anna Lambe", "Brad Pitt, J.K. Simmons, Anna Lambe, Justin Melnick", "", "USD 20,000,000", "USD 20,000,000", "USD 50,100,000", "New Zealand", "English", "Dolby Surround 5.1", "2.39 : 1", "Color", "0", "0", "Movie", "False", "False", "False"
"The Love Hypothesis", "https://www.imdb.com/title/tt22526100/", "6.9", "18824", "2026", "23/9/2026", "Comedy, Romance", "6600", "After an impulsive kiss, two scientists end up in a fake relationship, testing their theories about love and each other.", "https://m.media-amazon.com/images/M/MV5BYWI2ZWZjZGItZDFiMi00ODBmLThmODktY2FlZmNkNmU4YTEzXkEyXkFqcGc@._V1_.jpg", "Lili Reinhart and Tom Bateman in The Love Hypothesis (2026)", "59", "R", "Released", "fake dating, love, feel good romance, kiss, sex scene", "US", "4", "UP 87", "Claire Scanlon", "Ali Hazelwood, Sarah Rothschild", "Lili Reinhart, Tom Bateman, Rachel Marsh", "Lili Reinhart, Tom Bateman, Rachel Marsh, Jaboukie Young-White", "", "", "", "", "Concordia University, Montréal, Québec, Canada", "English", "Dolby Atmos, Dolby Digital", "1.85 : 1", "Color", "0", "0", "Movie", "False", "False", "False"
"Primetime", "https://www.imdb.com/title/tt34206385/", "7.2", "10290", "2026", "25/9/2026", "Biography, Crime, Drama", "6600", "In 2006, To Catch a Predator host Chris Hansen sets out to make television history.", "https://m.media-amazon.com/images/M/MV5BMTcyZGI2NWQtOTU3NS00NTEyLTliNDItNTQyNmFkMGZmZGQzXkEyXkFqcGc@._V1_.jpg", "Robert Pattinson in Primetime (2026)", "67", "R", "Released", "male frontal nudity, male full frontal nudity, showbiz drama, true crime, psychological thriller", "US", "5", "UP 26", "Lance Oppenheim", "Ajon Singh, Luke Dittrich", "Robert Pattinson, Merritt Wever, Skyler Gisondo", "Robert Pattinson, Merritt Wever, Skyler Gisondo, Matthew Maher", "USD 15,000,000", "USD 19,197,764", "USD 19,197,764", "USD 19,222,273", "New Orleans, Louisiana, USA", "English", "", "1.50 : 1", "Color", "0", "1", "Movie", "False", "False", "False"
"Backrooms", "https://www.imdb.com/title/tt26657236/", "6.7", "213941", "2026", "29/5/2026", "Horror, Sci-Fi, Thriller", "7560", "After a therapist's patient disappears into a dimension beyond reality, she must venture into the unknown to save him.", "https://m.media-amazon.com/images/M/MV5BYzQyYjZmMjctMzIyZi00MDI0LWJhNGQtMzQ3MTFlNDgwNGM5XkEyXkFqcGc@._V1_.jpg", "Renate Reinsve in Backrooms (2026)", "76", "R", "Released", "psychological horror, backrooms, liminal space, creepypasta, supernatural horror", "US", "6", "UP 17", "Kane Parsons", "Will Soodik, Kane Parsons", "Chiwetel Ejiofor, Renate Reinsve, Mark Duplass", "Chiwetel Ejiofor, Renate Reinsve, Mark Duplass, Finn Bennett", "USD 10,000,000", "USD 81,402,424", "USD 197,523,513", "USD 400,832,457", "15 King Edward Street, Coquitlam, British Columbia, Canada", "English, Portuguese, Turkish, Arabic, Japanese", "Dolby Atmos", "1.85 : 1", "Color", "0", "15", "Movie", "False", "False", "False"
"Toy Story 5", "https://www.imdb.com/title/tt29355505/", "7.3", "91867", "2026", "19/6/2026", "Animation, Adventure, Comedy", "6120", "Woody, Buzz, Jessie and the rest of the gang's jobs are challenged when they're introduced to electronics, a new threat to playtime.", "https://m.media-amazon.com/images/M/MV5BZTI1YTBiNmEtYWUxZi00YzFkLWIzNjMtMmZjMmY2NzM0ZWMzXkEyXkFqcGc@._V1_.jpg", "Tom Hanks, Joan Cusack, Tim Allen, John Ratzenberger, Conan O'Brien, Jeff Bergman, Blake Clark, Tony Hale, Craig Robinson, Shelby Rabara, Greta Lee, and Melissa Villaseñor in Toy Story 5 (2026)", "73", "PG", "Released", "sequel, talking toy, buzz lightyear character, slinky dog character, toy story", "US", "7", "UP 92", "", "Andrew Stanton, McKenna Harris", "Tom Hanks, Tim Allen, Joan Cusack", "Tom Hanks, Tim Allen, Joan Cusack, Conan O'Brien", "USD 250,000,000", "USD 159,677,837", "USD 480,288,548", "USD 1,146,101,548", "Pixar Animation Studios - 1200 Park Avenue, Emeryville, California, USA", "English", "Sonics-DDP, Auro 11.1, D-Cinema 96kHz Dolby Surround 7.1, Dolby Atmos, Dolby Digital, 12-Track Digital Sound, Dolby Surround 7.1, D-Cinema 96kHz 7.1, DTS:X", "1.85 : 1", "Color", "0", "4", "Movie", "False", "False", "False"
"Werwulf", "https://www.imdb.com/title/tt35514120/", "0", "0", "2026", "25/12/2026", "Horror, Thriller", "7200", "A tale of devotion, damnation and the devil within.", "https://m.media-amazon.com/images/M/MV5BMDVhOGE4MzItMmEyYi00ZWNiLTk0YTUtODM1YWIwNmVmMWIyXkEyXkFqcGc@._V1_.jpg", "Aaron Taylor-Johnson in Werwulf (2026)", "", "", "Post-production", "supernatural horror, werewolf horror, psychological horror, body horror, monster horror", "GB", "8", "UP 397", "Robert Eggers", "Robert Eggers, Sjón", "Aaron Taylor-Johnson, Willem Dafoe, Ralph Ineson", "Aaron Taylor-Johnson, Willem Dafoe, Ralph Ineson, Bodhi Rae Breathnach", "", "", "", "", "Dartmoor National Park, Dartmoor, England, UK", "Old English, English", "", "1.37 : 1", "Color", "0", "0", "Movie", "False", "False", "False"
"The Odyssey", "https://www.imdb.com/title/tt33764258/", "8.4", "515377", "2026", "17/7/2026", "Action, Adventure, Fantasy", "10320", "After the Trojan War, Odysseus faces a dangerous voyage back to Ithaca, meeting creatures like the Cyclops Polyphemus, Sirens, and Calypso along the way.", "https://m.media-amazon.com/images/M/MV5BNTcyNmJlZmQtNDUwYy00NDBjLTg1NGQtYTY2Y2UxMWM3NmI1XkEyXkFqcGc@._V1_.jpg", "Matt Damon in The Odyssey (2026)", "88", "R", "Released", "return from war, sea adventure, trojan horse, long lost husband, ancient greece", "GB", "9", "DOWN 5", "Christopher Nolan", "Christopher Nolan, Homer", "Matt Damon, Tom Holland, Anne Hathaway", "Matt Damon, Tom Holland, Anne Hathaway, Travis Scott", "USD 250,000,000", "USD 123,502,900", "USD 617,326,355", "USD 1,752,040,355", "Voidokilia Beach, Messenia, Peloponnese, Greece", "English, Greek", "IMAX 6-Track, Dolby Surround 5.1, Dolby Digital, DTS 70 mm, IMAX 5.0", "", "Color", "3", "0", "Movie", "False", "False", "False"
"The End of Oak Street", "https://www.imdb.com/title/tt27165187/", "6.2", "69990", "2026", "14/8/2026", "Action, Adventure", "5940", "The Platt family bands together to navigate their new surroundings after a cosmic event transports their suburban neighborhood to someplace unknown.", "https://m.media-amazon.com/images/M/MV5BZDQ1MDhmZWQtNjdhOS00MGE0LTkxMTItN2Q4NjIyYzUzZmRlXkEyXkFqcGc@._V1_.jpg", "Ewan McGregor, Anne Hathaway, Maisy Stella, and Christian Convery in The End of Oak Street (2026)", "69", "PG-13", "Released", "dinosaur, survival adventure, dinosaur adventure, family relationships, 1980s", "US", "10", "DOWN 8", "David Robert Mitchell", "", "Anne Hathaway, Ewan McGregor, Maisy Stella", "Anne Hathaway, Ewan McGregor, Maisy Stella, Christian Convery", "USD 85,000,000", "USD 21,010,488", "USD 54,176,878", "USD 121,176,878", "Atlanta, Georgia, USA", "English", "Dolby Digital, Dolby Atmos, IMAX 6-Track, Dolby Surround 7.1", "2.39 : 1", "Color", "0", "0", "Movie", "False", "False", "False"
"Best of the Best", "https://www.imdb.com/title/tt16478058/", "4.9", "26389", "2026", "18/9/2026", "Comedy, Drama", "6720", "A raucous comedy set in the cut-throat world of collegiate Bollywood dance competitions.", "https://m.media-amazon.com/images/M/MV5BMWJiYzQ5MmMtNzIyNS00YzQ0LTkyNmQtZmQ0NWQ4MmFhMzU5XkEyXkFqcGc@._V1_.jpg", "Maitreyi Ramakrishnan and Priyanka Kedia in Best of the Best (2026)", "71", "PG-13", "Released", "world, indian american, dance, bollywood dance, coming of age", "US", "12", "DOWN 5", "Lena Khan", "Prashanth Venkataramanujam, Hasan Minhaj", "Maitreyi Ramakrishnan, Priyanka Kedia, Chaneil Kular", "Maitreyi Ramakrishnan, Priyanka Kedia, Chaneil Kular, Ankur Rathee", "", "", "", "", "New Jersey, USA", "English", "Dolby Digital, Dolby Atmos", "2.00 : 1", "Color", "0", "0", "Movie", "False", "False", "False"
"Digger", "https://www.imdb.com/title/tt31450459/", "7.1", "754", "2026", "2/10/2026", "Comedy, Drama", "7740", "The most powerful man in the world embarks on a frantic mission to prove he is humanity's savior before the disaster he's unleashed destroys everything.", "https://m.media-amazon.com/images/M/MV5BN2E0YTg1M2YtOGQyYi00NDFkLTk3NzUtYmEyNTZhYThhZDQ0XkEyXkFqcGc@._V1_.jpg", "Tom Cruise in Digger (2026)", "46", "R", "Released", "political satire, satire, dark comedy, satire comedy, tragedy", "GB", "13", "UP 25", "Alejandro G. Iñárritu", "Sabina Berman, Jez Butterworth, Alexander Dinelaris", "Tom Cruise, Riz Ahmed, John Goodman", "Tom Cruise, Riz Ahmed, John Goodman, Sandra Hüller", "USD 125,000,000", "", "", "", "Pinewood Studios, Pinewood Road, Iver Heath, Iver, Buckinghamshire, England, UK", "English", "Dolby Atmos, Dolby Surround 5.1", "2.39 : 1", "Color", "0", "1", "Movie", "False", "False", "False"
"Spider-Man: Brand New Day", "https://www.imdb.com/title/tt22084616/", "8", "315757", "2026", "31/7/2026", "Action, Adventure", "8700", "A forgotten Peter Parker lives alone as a full-time Spider-Man until mounting pressure triggers a dangerous change and a powerful new enemy emerges.", "https://m.media-amazon.com/images/M/MV5BOWNjYWM3NWItOGE0ZS00MWRjLThiZWEtYjc4ZmNmMmU5ZTVmXkEyXkFqcGc@._V1_.jpg", "Zendaya and Tom Holland in Spider-Man: Brand New Day (2026)", "66", "PG-13", "Released", "the punisher character, superhero action, marvel, shared universe, superhero sci fi", "US", "14", "DOWN 3", "Destin Daniel Cretton", "Chris McKenna, Erik Sommers, Stan Lee", "Tom Holland, Zendaya, Mark Ruffalo", "Tom Holland, Zendaya, Mark Ruffalo, Jon Bernthal", "USD 225,000,000", "USD 360,091,572", "USD 950,962,480", "USD 2,495,949,664", "Bothwell Street, Glasgow, Scotland, UK", "English", "IMAX 6-Track, Dolby Atmos, Dolby Digital, Dolby Surround 7.1, Dolby Surround 5.1", "", "Color", "0", "1", "Movie", "False", "False", "False"
"The Whisper Man", "https://www.imdb.com/title/tt11561116/", "6.2", "60267", "2026", "28/8/2026", "Crime, Drama, Thriller", "6660", "A grieving father and his young son relocate to the quiet town of Garretton, which was terrorized by a serial killer known as The Whisper Man 15 years earlier, while rumors circulate that Whisper Man worked with an accomplice.", "https://m.media-amazon.com/images/M/MV5BOTI1YmY3YTQtYTg2Zi00OTZkLTk3NzQtNjcxNzIzMjk2ODZlXkEyXkFqcGc@._V1_.jpg", "Robert De Niro, Adam Scott, and Michelle Monaghan in The Whisper Man (2026)", "52", "R", "Released", "serial killer, abduction, killer, father, young", "US", "15", "DOWN 6", "James Ashcroft", "Ben Jacoby, Chase Palmer, Alex North", "Robert De Niro, Michelle Monaghan, Adam Scott", "Robert De Niro, Michelle Monaghan, Adam Scott, Acston Luca Porto", "", "", "", "", "Plainfield, New Jersey, USA", "English", "Dolby Digital, Dolby Atmos", "2.39 : 1", "Color", "0", "0", "Movie", "False", "False", "False"
"Forgotten Island", "https://www.imdb.com/title/tt36583977/", "7.8", "3494", "2026", "25/9/2026", "Animation, Action, Adventure", "6540", "Two best friends become stranded on the mystical world of Nakali, where their only escape might cost them their shared lifetime of memories.", "https://m.media-amazon.com/images/M/MV5BMWJlY2JiNTMtYTAwYy00NGFiLTkwYTEtM2VmNDc4MzM5YmJiXkEyXkFqcGc@._V1_.jpg", "Dave Franco, H.E.R., and Liza Soberano in Forgotten Island (2026)", "73", "PG", "Released", "filipino woman, philippines, filipino culture, island adventure, philippine mythology", "JP", "16", "UP 50", "", "Joel Crawford, Januel P. Mercado", "H.E.R., Liza Soberano, Dave Franco", "H.E.R., Liza Soberano, Dave Franco, Jenny Slate", "", "USD 12,800,000", "USD 12,800,000", "USD 20,649,000", "", "English, Tagalog", "Dolby Atmos", "2.39 : 1", "", "0", "0", "Movie", "False", "False", "False"
"You Can See Everything", "https://www.imdb.com/title/tt45368240/", "0", "0", "2026", "16/10/2026", "Documentary, Biography", "10440", "Thirty-four days before she's sent to prison, notorious Theranos founder Elizabeth Holmes invites a skeptical film crew to document her every move. What begins as an intimate portrait becomes a mind-bending three-year journey.", "https://m.media-amazon.com/images/M/MV5BZDUwOWFlMWMtZjFkOC00YmE2LWI2MmUtNGFiMGE2MGUzZmNlXkEyXkFqcGc@._V1_.jpg", "Elizabeth Holmes in You Can See Everything (2026)", "95", "R", "Released", "male nudity, silicon valley, male full frontal nudity, male frontal nudity, based on true story", "US", "17", "UP 64", "", "", "Billy Evans, Nathan Fielder, Elizabeth Holmes", "Billy Evans, Nathan Fielder, Elizabeth Holmes", "", "", "", "", "", "English", "", "1.33 : 1", "Color", "0", "0", "Movie", "False", "False", "False"
"Mayday", "https://www.imdb.com/title/tt28014327/", "6.8", "43364", "2026", "4/9/2026", "Action, Adventure, Comedy", "6600", "Lieutenant Troy Brennan's reconnaissance mission over Soviet territory goes awry, forcing him to crash-land and survive in Russian wilderness while evading capture or rescue.", "https://m.media-amazon.com/images/M/MV5BM2VmYWEzM2UtODNjZi00YTk1LWEzZjEtNzY4OGU0YTdkNmJmXkEyXkFqcGc@._V1_.jpg", "Kenneth Branagh and Ryan Reynolds in Mayday (2026)", "60", "PG-13", "Released", "survival adventure, buddy comedy, wilderness, top secret mission, one word title", "US", "18", "DOWN 13", "", "John Francis Daley, Jonathan Goldstein", "Ryan Reynolds, Kenneth Branagh, Marcin Dorocinski", "Ryan Reynolds, Kenneth Branagh, Marcin Dorocinski, Maria Bakalova", "", "", "", "", "Budapest, Hungary", "English, Russian", "Dolby Atmos, Dolby Digital", "2.39 : 1", "Color", "0", "0", "Movie", "False", "False", "False"
"Practical Magic 2", "https://www.imdb.com/title/tt32588798/", "6.3", "10588", "2026", "10/9/2026", "Comedy, Fantasy, Romance", "7800", "A multi generational family of witches, cursed to be loveless for centuries, attempts to break the spell by confronting dark secrets and sacrificing for each other.", "https://m.media-amazon.com/images/M/MV5BMWUyY2UyNjgtYTg5MC00MDZmLWE1MzEtZmU2YWE2ZTMzMjUwXkEyXkFqcGc@._V1_.jpg", "Sandra Bullock, Nicole Kidman, Joey King, and Maisie Williams in Practical Magic 2 (2026)", "44", "PG-13", "Released", "sequel, legacy sequel, second part, romantic comedy, supernatural fantasy", "US", "20", "DOWN 14", "Susanne Bier", "Alice Hoffman, Akiva Goldsman, Georgia Pritchett", "Sandra Bullock, Dianne Wiest, Stockard Channing", "Sandra Bullock, Dianne Wiest, Stockard Channing, Amy Bowden", "USD 75,000,000", "USD 30,002,526", "USD 60,229,113", "USD 92,829,113", "London, England, UK", "English", "Dolby Surround 5.1", "2.39 : 1", "Color", "0", "1", "Movie", "False", "False", "False"
"Teenage Sex and Death at Camp Miasma", "https://www.imdb.com/title/tt35298123/", "6.6", "17135", "2026", "7/8/2026", "Comedy, Horror, Romance", "6720", "A director making a slasher sequel becomes obsessed with casting the original film's 'final girl,' leading both women into psychological and sexual chaos.", "https://m.media-amazon.com/images/M/MV5BOTRlMWM2ZmQtNTljZC00MTg0LTlhNzQtZDg2N2FiMmU1NWY1XkEyXkFqcGc@._V1_.jpg", "Gillian Anderson and Hannah Einbinder in Teenage Sex and Death at Camp Miasma (2026)", "89", "R", "Released", "former actress, explicit nudity, female nudity, female full frontal nudity, female protagonist", "CA", "21", "DOWN 13", "Jane Schoenbrun", "", "Jack Haven, Hannah Einbinder, Jasmin Savoy Brown", "Jack Haven, Hannah Einbinder, Jasmin Savoy Brown, Aren Buchholz", "", "USD 249,606", "USD 6,805,161", "USD 8,613,513", "Nanaimo, British Columbia, Canada", "English", "", "1.85 : 1", "Color", "2", "5", "Movie", "False", "False", "False"
"Verity", "https://www.imdb.com/title/tt32261958/", "6", "658", "2026", "2/10/2026", "Crime, Drama, Mystery", "6840", "Lowen Ashleigh, hired to ghostwrite for Verity Crawford, uncovers what appears to be Verity's autobiographical notes. She wrestles with the confessions about Verity's husband and finds separating fiction from reality challenging", "https://m.media-amazon.com/images/M/MV5BZmE0OWRiNzktY2MwMy00YzQ5LWFkMzctNjI1ZWQ1NTRiZGM3XkEyXkFqcGc@._V1_.jpg", "Josh Hartnett, Anne Hathaway, and Dakota Johnson in Verity (2026)", "43", "R", "Released", "psychological thriller, book, based on novel", "US", "23", "UP 25", "Michael Showalter", "Nick Antosca, Colleen Hoover", "Anne Hathaway, Dakota Johnson, Josh Hartnett", "Anne Hathaway, Dakota Johnson, Josh Hartnett, Ismael Cruz Cordova", "", "", "", "", "Pershing Square, New York City, New York, USA", "English", "", "2.39 : 1", "Color", "0", "0", "Movie", "False", "False", "False"
"Madden", "https://www.imdb.com/title/tt24818230/", "0", "0", "2026", "18/11/2026", "Biography, Comedy, Drama", "", "John Madden's remarkable journey-from a Super Bowl-winning partnership with Al Davis and the Raiders, to creating Madden NFL, and becoming one of the most iconic voices in football history.", "https://m.media-amazon.com/images/M/MV5BOGQ0YzA4ZTAtZjlmYS00ZGU3LTg2MGItYmI2MzQ5MDY4YWE3XkEyXkFqcGc@._V1_.jpg", "Nicolas Cage and Christian Bale in Madden (2026)", "", "R", "Completed", "football, locker room, male nudity, head coach, male frontal nudity", "US", "24", "UP 2031", "David O. Russell", "David O. Russell, Cambron Clark", "Nicolas Cage, Christian Bale, Kathryn Hahn", "Nicolas Cage, Christian Bale, Kathryn Hahn, Sienna Miller", "USD 75,000,000", "", "", "", "Atlanta, Georgia, USA", "English", "", "", "Color", "0", "0", "Movie", "False", "False", "False"
"The Invite", "https://www.imdb.com/title/tt14173636/", "7.4", "78082", "2026", "10/7/2026", "Comedy, Drama", "6420", "Joe and Angela's marriage is on the rocks. When they invite their enigmatic upstairs neighbors over for dinner, the evening takes an unexpected turn.", "https://m.media-amazon.com/images/M/MV5BMjI0MzJjMjctNmQzZi00Y2U4LWEwZGItMmE3NDUzNzk1YzY3XkEyXkFqcGc@._V1_.jpg", "Edward Norton, Penélope Cruz, Seth Rogen, and Olivia Wilde in The Invite (2026)", "82", "R", "Released", "husband wife relationship, dysfunctional marriage, neighbor, apartment, loud sex", "US", "25", "DOWN 3", "Olivia Wilde", "Cesc Gay, Will McCormack, Rashida Jones", "Seth Rogen, Olivia Wilde, Penélope Cruz", "Seth Rogen, Olivia Wilde, Penélope Cruz, Edward Norton", "USD 12,000,000", "USD 379,104", "USD 26,075,163", "USD 58,321,088", "Glen Park Station, San Francisco, California, USA", "English, Spanish", "Dolby Digital", "1.85 : 1", "Color", "2", "7", "Movie", "False", "False", "False"
"Project Hail Mary", "https://www.imdb.com/title/tt12042730/", "8.2", "562832", "2026", "20/3/2026", "Adventure, Comedy, Sci-Fi", "9360", "A science teacher wakes up alone on a spaceship. As his memory returns, he uncovers a mission to stop a mysterious substance killing Earth's sun, and realizes that an unexpected friendship may be the key.", "https://m.media-amazon.com/images/M/MV5BNTkwNzJiYTctNzI3NC00NjE1LTlhYjktY2Q5MTdmMWFmNzcxXkEyXkFqcGc@._V1_.jpg", "Ryan Gosling and James Ortiz in Project Hail Mary (2026)", "77", "PG-13", "Released", "outer space, alien, space sci fi, astronaut, based on novel", "US", "26", "DOWN 2", "", "Drew Goddard, Andy Weir", "Ryan Gosling, Sandra Hüller, James Ortiz", "Ryan Gosling, Sandra Hüller, James Ortiz, Lionel Boyce", "USD 200,000,000", "USD 80,506,007", "USD 344,050,007", "USD 684,985,304", "South Parade Pier, Southsea, Portsmouth, Hampshire, England, UK", "English", "Dolby Atmos, IMAX 6-Track, Dolby Digital, Dolby Surround 7.1", "2.00 : 1", "Color", "10", "10", "Movie", "False", "False", "False"
"Hope", "https://www.imdb.com/title/tt27369017/", "6.8", "10068", "2026", "9/9/2026", "Action, Horror", "9600", "A mysterious discovery is made on the outskirts of the remote harbor town. The residents find themselves in a desperate fight for survival against something they have never encountered before.", "https://m.media-amazon.com/images/M/MV5BZjE3ZDI0MmItMDIyMC00NzU2LTk2OTQtZTUxYTlkMjlkNmY3XkEyXkFqcGc@._V1_.jpg", "Hoyeon in Hope (2026)", "67", "R", "Released", "resident, extraterrestrial, village, police officer, secret", "KR", "27", "DOWN 14", "Na Hong-jin", "", "Hwang Jung-min, Zo In-sung, Hoyeon", "Hwang Jung-min, Zo In-sung, Hoyeon, Michael Fassbender", "", "USD 3,228,335", "USD 8,023,407", "USD 46,248,215", "Jeju Island, South Korea", "Korean, English", "Dolby Digital, Dolby Atmos", "2.35 : 1", "Color", "0", "1", "Movie", "False", "False", "False"
"Avengers: Doomsday", "https://www.imdb.com/title/tt21357150/", "0", "0", "2026", "18/12/2026", "Action, Adventure, Sci-Fi", "9900", "Heroes from three different worlds must unite when they're thrust together to confront a catastrophic danger that could destroy everything they know.", "https://m.media-amazon.com/images/M/MV5BNGEwYWZkN2UtOTQ5Mi00MGQzLWEzNjYtMWMyNDBkMTkzMWNkXkEyXkFqcGc@._V1_.jpg", "Robert Downey Jr. in Avengers: Doomsday (2026)", "", "PG-13", "Post-production", "army, doctor doom character, sequel, fifth part, based on comic book", "US", "28", "UP 34", "", "Jack Kirby, Stan Lee, Stephen McFeely", "Robert Downey Jr., Pedro Pascal, Chris Hemsworth", "Robert Downey Jr., Pedro Pascal, Chris Hemsworth, Vanessa Kirby", "", "", "", "", "Bahrain", "English", "Dolby Atmos, IMAX 6-Track, 12-Track Digital Sound, Dolby Surround 7.1", "", "Color", "0", "2", "Movie", "False", "False", "False"
"Runner", "https://www.imdb.com/title/tt31349844/", "6.4", "7403", "2026", "11/9/2026", "Action, Comedy, Thriller", "5880", "A former soldier and his unlikely partner become the targets of a ruthless cartel while racing to complete a critical medical delivery and save the life of a little girl.", "https://m.media-amazon.com/images/M/MV5BOThmN2YyMzMtN2Y2Zi00MjViLTg2NzQtNGM0ZDU3ZDAyYThhXkEyXkFqcGc@._V1_.jpg", "Owen Wilson and Alan Ritchson in Runner (2026)", "55", "PG-13", "Released", "shootout, evil man, car chase, good versus evil, colombian drug cartel", "AU", "29", "DOWN 15", "Scott Waugh", "Miles Hubley, Tommy White", "Alan Ritchson, Owen Wilson, Rodrigo Santoro", "Alan Ritchson, Owen Wilson, Rodrigo Santoro, Leila George", "", "USD 6,462,291", "USD 13,914,603", "USD 16,710,522", "Brisbane, Queensland, Australia", "English", "", "", "Color", "0", "0", "Movie", "False", "False", "False"
"Coyote vs. Acme", "https://www.imdb.com/title/tt1756855/", "7.4", "35091", "2026", "28/8/2026", "Animation, Adventure, Comedy", "6180", "After enduring years of malfunctioning products, Wile E. Coyote teams up with a local personal injury attorney to take on ACME, the manufacturer of anything and everything used by the Looney Tunes characters.", "https://m.media-amazon.com/images/M/MV5BMDg5NDFkNTctZWE2ZC00MDYzLThlYjItZTljZDY3NTcwNjA3XkEyXkFqcGc@._V1_.jpg", "Eric Bauza in Coyote vs. Acme (2026)", "77", "PG", "Released", "wile e. coyote character, road runner character, acme brand, looney tunes, based on magazine article", "US", "30", "DOWN 13", "Dave Green", "Samy Burch, James Gunn, Jeremy Slater", "Will Forte, Lana Condor, John Cena", "Will Forte, Lana Condor, John Cena, Tone Bell", "USD 70,000,000", "USD 15,914,007", "USD 58,572,921", "USD 88,771,510", "Albuquerque, New Mexico, USA", "English", "Dolby Atmos, Dolby Surround 5.1, Dolby Surround 7.1", "2.39 : 1", "Color", "1", "0", "Movie", "False", "False", "False"
"In the Grey", "https://www.imdb.com/title/tt27681354/", "6.3", "50231", "2026", "15/5/2026", "Action, Crime, Thriller", "5880", "A covert team of elite operatives are living in the shadows. When a ruthless despot steals a billion-dollar fortune, they're sent to steal it back--an impossible heist that erupts into a deadly game of strategy, deception and survival.", "https://m.media-amazon.com/images/M/MV5BOGFlYTk3M2ItNmY4Zi00ZmI2LWIzMjQtY2EyNTY4MzNkOTNiXkEyXkFqcGc@._V1_.jpg", "Henry Cavill, Jake Gyllenhaal, and Eiza González in In the Grey (2026)", "53", "R", "Released", "escape, jeddah saudi arabia, asset seizure, team action, caper", "GB", "32", "DOWN 14", "Guy Ritchie", "", "Henry Cavill, Jake Gyllenhaal, Eiza González", "Henry Cavill, Jake Gyllenhaal, Eiza González, Carlos Bardem", "", "USD 2,926,879", "USD 5,723,890", "USD 28,350,431", "Tenerife, Canary Islands, Spain", "English", "Dolby Atmos, Dolby Digital", "2.39 : 1", "Color", "0", "0", "Movie", "False", "False", "False"
"Supergirl", "https://www.imdb.com/title/tt8814476/", "5.8", "109520", "2026", "26/6/2026", "Action, Adventure, Sci-Fi", "6480", "Kara Zor-El, aka Supergirl, joins forces with an unlikely companion on an interstellar journey of vengeance and justice when an unexpected adversary strikes too close to home.", "https://m.media-amazon.com/images/M/MV5BMmJkOTE0MWUtY2E5OS00NzEyLWI4NjEtYzQzYzFmMjk5ODE3XkEyXkFqcGc@._V1_.jpg", "Milly Alcock in Supergirl (2026)", "50", "PG-13", "Released", "dog, alien, pet, superhero action, animal", "US", "33", "DOWN 18", "Craig Gillespie", "Jerry Siegel, Joe Shuster, Ana Nogueira", "Milly Alcock, David Corenswet, Eve Ridley", "Milly Alcock, David Corenswet, Eve Ridley, Matthias Schoenaerts", "USD 170,000,000", "USD 37,102,018", "USD 72,366,532", "USD 126,466,532", "Iceland", "English", "Dolby Digital, Dolby Atmos, IMAX 6-Track, Dolby Surround 7.1", "2.39 : 1", "Color", "1", "3", "Movie", "False", "False", "False"
"Pressure", "https://www.imdb.com/title/tt32547691/", "7.3", "35648", "2026", "29/5/2026", "Drama, History, Thriller", "6000", "In the tense 72 hours before D-Day, General Dwight D. Eisenhower and Captain James Stagg face an impossible choice--launch the most dangerous seaborne invasion in history or risk losing the war altogether.", "https://m.media-amazon.com/images/M/MV5BMjE2YjdkNDctMDg1MS00MjBjLWIyZjEtZWM1ZjczNTAzZGEyXkEyXkFqcGc@._V1_.jpg", "Brendan Fraser and Andrew Scott in Pressure (2026)", "69", "PG-13", "Released", "world war two, seaborne invasion, invasion, d day, bloody water", "GB", "34", "DOWN 9", "Anthony Maras", "David Haig, Anthony Maras", "Andrew Scott, Brendan Fraser, Kerry Condon", "Andrew Scott, Brendan Fraser, Kerry Condon, Chris Messina", "", "USD 5,811,480", "USD 15,569,855", "USD 26,724,894", "Mentmore Towers, Mentmore, Buckinghamshire, England, UK", "English", "", "1.85 : 1", "Color", "1", "0", "Movie", "False", "False", "False"
"The Further Mis-Adventures of Cliff Booth", "https://www.imdb.com/title/tt36408401/", "0", "0", "2026", "25/11/2026", "Action, Comedy, Crime", "", "Showcases more of Cliff Booth's backstory in his new role as a Hollywood fixer.", "https://m.media-amazon.com/images/M/MV5BZDc2MjU2ZjktZTc0Ny00YjgwLTk2OTYtMDQzNTU5OGNhMjdkXkEyXkFqcGc@._V1_.jpg", "The Further Mis-Adventures of Cliff Booth (2026)", "", "", "Completed", "year 1977, 1970s, sequel, period drama, 20th century", "US", "35", "UP 307", "David Fincher", "", "Brad Pitt, Timothy Olyphant, Carla Gugino", "Brad Pitt, Timothy Olyphant, Carla Gugino, Scott Caan", "", "", "", "", "Los Angeles, California, USA", "English", "Dolby Digital", "2.39 : 1", "Color", "0", "0", "Movie", "False", "False", "False"
"Disclosure Day", "https://www.imdb.com/title/tt15047880/", "6.4", "161365", "2026", "12/6/2026", "Action, Mystery, Sci-Fi", "8700", "If you found out we weren't alone, if someone showed you, proved it to you, would that frighten you?", "https://m.media-amazon.com/images/M/MV5BZDVkYjkxMzMtZjEzYS00N2ZmLTg1YzQtN2NiNmQwYTkxNzhiXkEyXkFqcGc@._V1_.jpg", "Disclosure Day (2026)", "74", "PG-13", "Released", "alien, telepathy, meteorologist, ufo disclosure, paranoia", "US", "36", "UP 4", "Steven Spielberg", "David Koepp, Steven Spielberg", "Emily Blunt, Josh O'Connor, Colin Firth", "Emily Blunt, Josh O'Connor, Colin Firth, Eve Hewson", "USD 115,000,000", "USD 44,530,925", "USD 116,636,645", "USD 241,492,397", "Huntington, New York, USA", "English", "70 mm 6-Track, Dolby Atmos, Dolby Surround 5.1, IMAX 6-Track, Dolby Surround 7.1, Datasat, Sonics-DDP, DTS:X", "2.39 : 1", "Color", "3", "7", "Movie", "False", "False", "False"
"La bola negra", "https://www.imdb.com/title/tt35511966/", "7.9", "2989", "2026", "2/12/2026", "Drama, History, Romance", "9300", "Explores what it means to be gay throughout different eras, focusing on "three existences" that are connected through themes of sexuality, desire, pain, and inheritance.", "https://m.media-amazon.com/images/M/MV5BYTY5NWVlOGYtYWIyYi00OGMwLTk2ZWItYTRlZWU5NDU0ZWYxXkEyXkFqcGc@._V1_.jpg", "Guitarricadelafuente and Miguel Bernardeau in La bola negra (2026)", "87", "R", "Released", "homosexuality, male frontal nudity, male nudity, year 2017, year 1937", "ES", "37", "UP 226", "", "Javier Ambrossi, Javier Calvo, Alberto Conejero", "Penélope Cruz, Glenn Close, Miguel Bernardeau", "Penélope Cruz, Glenn Close, Miguel Bernardeau, Guitarricadelafuente", "", "", "", "USD 83,243", "Comillas, Cantabria, Spain", "Spanish", "", "1.85 : 1", "Color", "5", "6", "Movie", "False", "False", "False"
"Sense and Sensibility", "https://www.imdb.com/title/tt13609648/", "7.2", "918", "2026", "16/10/2026", "Drama, Romance", "7860", "From Focus Features and Working Title comes an irresistible new take on Jane Austen's iconic Sense and Sensibility: a charming, witty, and deeply relatable story of love and sisterhood starring Daisy Edgar-Jones and Esmé Creed-Miles.", "https://m.media-amazon.com/images/M/MV5BY2U1N2ExYTMtNGM2NS00ZmNiLTlkODktNzZmMjhjZGEzYjgyXkEyXkFqcGc@._V1_.jpg", "Esmé Creed-Miles and Daisy Edgar-Jones in Sense and Sensibility (2026)", "72", "PG", "Released", "journey, novel, love, dog, sea", "GB", "38", "UP 40", "Georgia Oakley", "Diana Reid, Jane Austen", "Daisy Edgar-Jones, Esmé Creed-Miles, Caitríona Balfe", "Daisy Edgar-Jones, Esmé Creed-Miles, Caitríona Balfe, Bodhi Rae Breathnach", "", "", "", "USD 2,538,000", "", "English", "", "", "Color", "0", "0", "Movie", "False", "False", "False"
"Clayface", "https://www.imdb.com/title/tt34890576/", "0", "0", "2026", "23/10/2026", "Horror, Sci-Fi, Thriller", "6480", "Rising Hollywood star Matt Hagen descends into a horrifying revenge-filled monster when scientific ambition strips him of his identity and humanity.", "https://m.media-amazon.com/images/M/MV5BMjNlMjM4NTAtYjE5YS00ZGYyLWEyMTYtNjFlMmIxZDEzYjhhXkEyXkFqcGc@._V1_.jpg", "Tom Rhys Harries in Clayface (2026)", "", "R", "Completed", "dc comics, dc universe, supervillain, body horror, clayface character", "GB", "40", "UP 62", "James Watkins", "Hossein Amini, Mike Flanagan", "Ruby Sear, Eddie Marsan, Max Minghella", "Ruby Sear, Eddie Marsan, Max Minghella, Tom Rhys Harries", "USD 40,000,000", "", "", "", "Stockport, Greater Manchester, England, UK", "English", "IMAX 6-Track, Dolby Atmos", "2.76 : 1", "Color", "0", "0", "Movie", "False", "False", "False"
"Idiots", "https://www.imdb.com/title/tt6628920/", "5.6", "2851", "2026", "28/8/2026", "Comedy, Crime", "6000", "Two rock-bottom drivers transport a wealthy teen to rehab, but their simple job spirals into a chaotic journey of drugs, danger, and crime as their passenger derails their plans.", "https://m.media-amazon.com/images/M/MV5BZjI0MTAxYjktMTYxMi00MzIxLWFlMGMtMDJhNjJhZGZmZGU2XkEyXkFqcGc@._V1_.jpg", "Peter Dinklage, Chris Sharp, Lynn Wanlass, Nicholas Braun, Sonny Eddy-Blair, Eric Goins, Daniel Kelly, Dave Franco, Kiernan Shipka, O'Shea Jackson Jr., Buck Eddy-Blair, and Mason Thames in Idiots (2026)", "62", "R", "Released", "millionaire, dark comedy", "US", "41", "UP 586", "Macon Blair", "Macon Blair, Alex Orr", "Dave Franco, O'Shea Jackson Jr., Mason Thames", "Dave Franco, O'Shea Jackson Jr., Mason Thames, Killer Mike", "", "USD 707,759", "USD 1,082,011", "USD 1,194,595", "Paulding County, Georgia, USA", "English", "Dolby Surround 5.1", "2.00 : 1", "Color", "0", "1", "Movie", "False", "False", "False"
"The Paradise", "https://www.imdb.com/title/tt31969655/", "7.2", "8616", "2026", "24/9/2026", "Action, Adventure, Drama", "10740", "In 1980s Secunderabad, a marginalized tribe battles discrimination and fights for citizenship under an unexpected leader's guidance, challenging systemic oppression.", "https://m.media-amazon.com/images/M/MV5BMGI3N2I1ZWUtYzMyZS00MTRlLThlNDUtNWZhY2MxZTlmMDJjXkEyXkFqcGc@._V1_.jpg", "Nani in The Paradise (2026)", "", "", "Released", "epic action, one person army action, period drama, 1980s, slum", "IN", "43", "UP 33", "Srikanth Odela", "Srikanth Odela, Thota Srinivas, Vinay Sagar Jonnala", "Nani, Kayadu Lohar, Raghav Juyal", "Nani, Kayadu Lohar, Raghav Juyal, Keerthy Suresh", "", "", "", "", "", "Telugu, Bengali, Hindi, English, Tamil, Spanish, Kannada, Malayalam", "Dolby Atmos, Dolby Digital, IMAX 6-Track", "2.39 : 1", "Color", "0", "0", "Movie", "False", "False", "False"
"Tony", "https://www.imdb.com/title/tt33095251/", "7.4", "14687", "2026", "21/8/2026", "Biography, Comedy, Drama", "6360", "A 19-year-old Anthony Bourdain travels to Provincetown and stumbles into the chaotic world of a restaurant kitchen, setting off a summer that will shape the course of his life.", "https://m.media-amazon.com/images/M/MV5BNDc1NGEyMzAtZWNiNC00MDY0LTg2NmYtZWIxZmM0NTNhNjc0XkEyXkFqcGc@._V1_.jpg", "Dominic Sessa in Tony (2026)", "75", "R", "Released", "coming of age drama, period drama, docudrama drama, dark comedy, name as title", "US", "44", "DOWN 23", "Matt Johnson", "Todd Bartels, Lou Howe, Matt Johnson", "Dominic Sessa, Antonio Banderas, Emilia Jones", "Dominic Sessa, Antonio Banderas, Emilia Jones, Leo Woodall", "", "USD 348,995", "USD 15,403,476", "USD 18,885,621", "Provincetown, Massachusetts, USA", "English", "Dolby Surround 5.1", "1.85 : 1", "Color", "0", "0", "Movie", "False", "False", "False"
"Star Wars: The Mandalorian and Grogu", "https://www.imdb.com/title/tt30825738/", "6.8", "115634", "2026", "22/5/2026", "Action, Adventure, Family", "7920", "Once a lone bounty hunter, Mandalorian Din Djarin and his apprentice Grogu embark on an exciting new Star Wars adventure.", "https://m.media-amazon.com/images/M/MV5BYjRkYzAzNjktZmRhMy00NjRiLWE0OTMtYmRmMTE5NDkzY2NlXkEyXkFqcGc@._V1_.jpg", "Pedro Pascal, Steve Blum, and Jeremy Allen White in Star Wars: The Mandalorian and Grogu (2026)", "53", "PG-13", "Released", "space adventure, star wars, space sci fi, epic sci fi, epic fantasy", "US", "45", "DOWN 17", "Jon Favreau", "George Lucas, Jon Favreau, Dave Filoni", "Pedro Pascal, Brendan Wayne, Lateef Crowder", "Pedro Pascal, Brendan Wayne, Lateef Crowder, Sigourney Weaver", "USD 165,000,000", "USD 81,670,433", "USD 177,730,060", "USD 345,602,060", "Magdalen Islands, Quebec, Canada", "English", "Dolby Atmos, IMAX 6-Track, Auro 11.1, Dolby Surround 7.1, Dolby Digital, DTS:X, Dolby Surround 5.1", "2.39 : 1", "Color", "0", "3", "Movie", "False", "False", "False"
"Buddy", "https://www.imdb.com/title/tt37281055/", "7", "8466", "2026", "28/8/2026", "Fantasy, Horror, Thriller", "5760", "A brave girl and her friends must escape a kids television show.", "https://m.media-amazon.com/images/M/MV5BMWRkNWJhNjYtY2FkZC00YjFlLWFjMjUtZGFhMjc5MGYyODE4XkEyXkFqcGc@._V1_.jpg", "Keegan-Michael Key and Sergey Zhuravsky in Buddy (2026)", "67", "R", "Released", "gore, mascot, unicorn, blood, dark comedy", "US", "46", "DOWN 20", "Casper Kelly", "Casper Kelly, Jamie King", "Cristin Milioti, Delaney Quinn, Topher Grace", "Cristin Milioti, Delaney Quinn, Topher Grace, Caleb Williams", "", "USD 5,464,870", "USD 26,428,635", "USD 26,428,635", "Cleveland, Ohio, USA", "English", "", "1.85 : 1", "Color", "0", "1", "Movie", "False", "False", "False"
"Paper Tiger", "https://www.imdb.com/title/tt34385689/", "6.9", "507", "2026", "20/11/2026", "Crime, Drama, Thriller", "6900", "Two brothers pursue the American Dream but get entangled in a dangerous Russian mafia scheme that terrorizes their family, testing their bond as betrayal becomes possible.", "https://m.media-amazon.com/images/M/MV5BZWU2MTI0M2MtZjc3My00MzhlLWJkMDMtN2E4ODNlYTg3ODJlXkEyXkFqcGc@._V1_.jpg", "Scarlett Johansson, Miles Teller, and Adam Driver in Paper Tiger (2026)", "79", "R", "Released", "gangster crime, period drama", "FR", "49", "UP 1047", "James Gray", "", "Adam Driver, Scarlett Johansson, Miles Teller", "Adam Driver, Scarlett Johansson, Miles Teller, Gavin Goudey", "", "", "", "", "Denville, New Jersey, USA", "English", "Dolby Surround 5.1", "2.39 : 1", "Color", "1", "2", "Movie", "False", "False", "False"
"One Night Only", "https://www.imdb.com/title/tt37853455/", "6", "14342", "2026", "7/8/2026", "Comedy, Romance", "6120", "Two New Yorkers search for love on the one night of the year when pre-marital sex is legal.", "https://m.media-amazon.com/images/M/MV5BM2ZlYTQ2YmUtZTNlNy00OGI0LWFmNjctN2MyNjYzNjAzNjliXkEyXkFqcGc@._V1_.jpg", "Callum Turner and Monica Barbaro in One Night Only (2026)", "42", "R", "Released", "lighthouse, woman wears a short dress, male rear nudity, male nudity, romantic comedy", "US", "50", "DOWN 18", "Will Gluck", "", "Callum Turner, Tyonne Chambers, Grace Dumdaw", "Callum Turner, Tyonne Chambers, Grace Dumdaw, Duncan Jui", "", "USD 5,508,045", "USD 11,506,280", "USD 24,826,132", "New York City, New York, USA", "English", "Dolby Surround 5.1, Dolby Surround 7.1, Dolby Digital", "2.39 : 1", "Color", "0", "0", "Movie", "False", "False", "False"
"The Weight", "https://www.imdb.com/title/tt10794054/", "6.9", "3134", "2026", "18/9/2026", "Action, Adventure, Crime", "6780", "Desperate to save what is left of his family, during the height of the Great Depression, a battle-scarred veteran is hired to help smuggle a fortune in gold across 100 miles of impenetrable wilderness.", "https://m.media-amazon.com/images/M/MV5BZWU1NWY0MzctYmFiYS00MDU3LWFlNDItZDc5ZGY3Y2JiYTI4XkEyXkFqcGc@._V1_.jpg", "Russell Crowe and Ethan Hawke in The Weight (2026)", "70", "R", "Released", "gold, two word title, period drama, little girl, 4 months later", "DE", "51", "DOWN 21", "Padraic McKinley", "Matthew Booi, Leo Scherman, Matthew Chapman", "Ethan Hawke, Russell Crowe, Julia Jones", "Ethan Hawke, Russell Crowe, Julia Jones, Austin Amelio", "", "USD 2,301,059", "USD 2,301,059", "USD 2,402,678", "Munich, Bavaria, Germany", "English", "", "", "Color", "0", "0", "Movie", "False", "False", "False"
"Wild Horse Nine", "https://www.imdb.com/title/tt15799564/", "8.1", "472", "2026", "6/11/2026", "Action, Comedy, Crime", "7080", "CIA agents Chris and Lee face a trust-testing mission from Santiago to Easter Island during 1973 in Chile.", "https://m.media-amazon.com/images/M/MV5BOTlkOGFlYWYtN2VlNC00NjNhLWIxYmMtNDVhZTQ4YmQ4ZTdiXkEyXkFqcGc@._V1_.jpg", "John Malkovich and Sam Rockwell in Wild Horse Nine (2026)", "79", "R", "Released", "period drama, spy thriller, dark comedy, 1973, three word title", "GB", "52", "UP 97", "Martin McDonagh", "", "John Malkovich, Sam Rockwell, Steve Buscemi", "John Malkovich, Sam Rockwell, Steve Buscemi, Bastián Bodenhöfer", "", "", "", "", "Easter Island, Valparaíso Region, Chile", "English", "", "2.39 : 1", "Color", "2", "2", "Movie", "False", "False", "False"
"The Breadwinner", "https://www.imdb.com/title/tt34459219/", "5.6", "5985", "2026", "29/5/2026", "Comedy, Family", "5940", "When a supermom lands a Shark Tank deal, she switches roles with her breadwinner husband, who struggles to adapt as a stay-at-home dad to their three daughters.", "https://m.media-amazon.com/images/M/MV5BZTQ3ZWQ4YTctMTI0OC00NmI5LWFlNjgtNjhhMDQxYjUxYTQyXkEyXkFqcGc@._V1_.jpg", "Mandy Moore, Birdie Borria, Stella Grace Fitzgerald, Charlotte Ann Tucker, and Nate Bargatze in The Breadwinner (2026)", "33", "PG", "Released", "pet horse, character says it's not rocket science, stay at home dad, outtakes during end credits, space heater", "US", "53", "UP 338", "Eric Appel", "Nate Bargatze, Dan Lagana", "Nate Bargatze, Mandy Moore, Colin Jost", "Nate Bargatze, Mandy Moore, Colin Jost, Zach Cherry", "", "USD 7,353,073", "USD 20,247,080", "USD 20,247,080", "Atlanta, Georgia, USA", "English", "Dolby Atmos", "2.39 : 1", "Color", "0", "0", "Movie", "False", "False", "False"
"The Sheep Detectives", "https://www.imdb.com/title/tt32565993/", "7.4", "117859", "2026", "8/5/2026", "Comedy, Family, Mystery", "6540", "Every night a shepherd reads aloud a murder mystery, pretending his sheep can understand. When he is found dead, the sheep realize at once that it was a murder and think they know everything about how to go about solving it.", "https://m.media-amazon.com/images/M/MV5BNTFmZWI4YmMtNmQ0ZC00ZGQwLTk1OWEtZjAyZmIzOGY0MGFiXkEyXkFqcGc@._V1_.jpg", "Julia Louis-Dreyfus, Emma Thompson, Patrick Stewart, Bryan Cranston, Regina Hall, Hugh Jackman, Nicholas Braun, Rhys Darby, Molly Gordon, Aroop Shergill, Chris O'Dowd, Jasper Ambrose, Tommy Birchall, Ishi Agrawal, Brett Goldstein, Hong Chau, Tosin Cole, Nicholas Galitzine, and Bella Ramsey in The Sheep Detectives (2026)", "72", "PG", "Released", "whodunnit mystery, animals family, sheep, small town, police detective", "GB", "54", "DOWN 12", "Kyle Balda", "Craig Mazin, Leonie Swann", "Hugh Jackman, Brett Goldstein, Patrick Stewart", "Hugh Jackman, Brett Goldstein, Patrick Stewart, Regina Hall", "USD 75,000,000", "USD 15,087,796", "USD 66,078,506", "USD 133,125,236", "Hambleden, Buckinghamshire, England, UK", "English", "Dolby Digital, Dolby Atmos, SDDS, DTS:X", "2.00 : 1", "Color", "1", "0", "Movie", "False", "False", "False"
"Mirzapur: The Movie", "https://www.imdb.com/title/tt34339725/", "7.7", "6951", "2026", "4/9/2026", "Action, Crime, Drama", "11700", "The battle for Mirzapur's throne escalates as old enemies resurface and new threats emerge. Blood debts must be paid while power-hungry contenders fight to control the city's violent underworld.", "https://m.media-amazon.com/images/M/MV5BZjhlYWY1NWUtYjU4Zi00MDg4LWE2N2MtYjQzMjBkMjgwOWI5XkEyXkFqcGc@._V1_.jpg", "Ravi Kishan, Pankaj Tripathi, Rasika Dugal, Ali Fazal, Abhishek Banerjee, Divyendu Sharma, and Jitendra Kumar in Mirzapur: The Movie (2026)", "", "", "Released", "based on web series, gangster crime", "IN", "55", "DOWN 14", "Gurmmeet Singh", "", "Ali Fazal, Pankaj Tripathi, Divyendu Sharma", "Ali Fazal, Pankaj Tripathi, Divyendu Sharma, Jitendra Kumar", "", "", "USD 2,649,383", "USD 5,189,585", "", "Hindi", "Dolby Digital, Dolby Atmos", "2.39:1", "Color", "0", "0", "Movie", "False", "False", "False"
"The Vvaan: Force of the Forrest", "https://www.imdb.com/title/tt34498564/", "6.8", "5563", "2026", "25/9/2026", "Action, Adventure, Drama", "9900", "A rational urban man defies his ancestral village's forbidden forest and awakens a divine goddess, forcing him to confront powers beyond logic as he becomes the unlikely saviour protecting his people from annihilation.", "https://m.media-amazon.com/images/M/MV5BZGQ3YWZlMjUtNDI1Zi00YjRjLTg2YzctMGU1MTkxMWU5M2U5XkEyXkFqcGc@._V1_.jpg", "Ekta Kapoor, Shobha Kapoor, Anup Soni, Sunil Grover, Shweta Tiwari, Tamannaah Bhatia, Maniesh Paul, Arunabh Kumar, Niraj Kothari, Sidharth Malhotra, and Deepak Kumar Mishra in The Vvaan: Force of the Forrest (2026)", "", "", "Released", "mystical forest", "IN", "56", "UP 1488", "Deepak Kumar Mishra", "Anandeshwar Dwivedi, Arunabh Kumar", "Sidharth Malhotra, Tamannaah Bhatia, Sunil Grover", "Sidharth Malhotra, Tamannaah Bhatia, Sunil Grover, Anup Soni", "", "", "", "", "", "Hindi", "Dolby Digital, Dolby Atmos", "2.39:1", "Color", "0", "0", "Movie", "False", "False", "False"
"Ice Cream Man", "https://www.imdb.com/title/tt36893729/", "4", "6823", "2026", "7/8/2026", "Comedy, Horror, Thriller", "5160", "An idyllic summer town descends into madness when an ice cream man serves kids sweet delights with horrifying results.", "https://m.media-amazon.com/images/M/MV5BZWMxMzRhY2YtYzNlNC00OTdjLWFmODgtMTU0ODc0NmQ1OWI3XkEyXkFqcGc@._V1_.jpg", "Charlie Storey and Ari Millen in Ice Cream Man (2026)", "33", "Not Rated", "Released", "graphic violence, gore, splatter horror, zombie horror, body horror", "US", "57", "UP 469", "Eli Roth", "Eli Roth, Noah Belson", "Carina Battrick, Charlie Zeltzer, Ivano DiCaro", "Carina Battrick, Charlie Zeltzer, Ivano DiCaro, Jordan Poole", "USD 5,500,000", "USD 1,987,000", "USD 3,174,200", "USD 7,787,664", "", "English", "Dolby Surround 5.1", "2.39 : 1", "Color", "0", "0", "Movie", "False", "False", "False"
"The Uprising", "https://www.imdb.com/title/tt36983905/", "6.2", "4245", "2026", "11/9/2026", "Action, Drama, History", "7680", "Based on the true story of the uprising that inspired the legend of Robin Hood, Andrew Garfield stars as the leader of a rebellion against the tyranny of King Richard II in a fight for justice.", "https://m.media-amazon.com/images/M/MV5BYmNiZjVhOGItZTUxMi00MDUwLWJlNDItYTg2MTViZmQzMmU0XkEyXkFqcGc@._V1_.jpg", "Andrew Garfield in The Uprising (2026)", "57", "R", "Released", "14th century, medieval, britain, medieval england, two word title", "GB", "58", "DOWN 29", "Paul Greengrass", "", "Andrew Garfield, Jamie Bell, Stephen Dillane", "Andrew Garfield, Jamie Bell, Stephen Dillane, Woody Norman", "", "USD 3,311,085", "USD 6,472,635", "USD 7,784,963", "Penzing Studios, Landsberg, Bavaria, Germany", "English", "Dolby Surround 5.1", "1.85 : 1", "Color", "0", "0", "Movie", "False", "False", "False"
