name, rating, votes, link, image, plot, genres, runtime, certificate, keywords, countriesOfOrigin, meterRanking, meterRankChange, directors, writers, stars, topCast, budget, openingWeekendGross, lifetimeGross, worldwideGross, filmingLocations, spokenLanguages, soundMix, aspectRatio, color, awardWins, awardNominations, titleType, isSeries, isEpisode, isAdult

"Monster", "7.7", "232436", "https://www.imdb.com/title/tt13207736/", "https://m.media-amazon.com/images/M/MV5BZjJkZmEzMTctYmUyMC00MzVjLWFiYzEtZGYzYmRjOWI5MTRkXkEyXkFqcGc@._V1_.jpg", "This true-crime anthology series delivers a multi-layered psychological study of individuals whose extreme actions shocked society.", "Biography, Crime, Drama", "0", "TV-MA", "gay serial killer, serial killer, homosexuality, gay interest, homosexual", "US", "1", "FLAT 0", "", "", "Charlie Hunnam, Vicky Krieps, Evan Peters", "Charlie Hunnam, Vicky Krieps, Evan Peters, Richard Jenkins", "", "", "", "", "Los Angeles, California, USA", "English, American Sign Language, Lao", "Dolby Digital", "", "Color", "21", "93", "TV Series", "True", "False", "False"
"Neagley", "7.7", "17173", "https://www.imdb.com/title/tt33539520/", "https://m.media-amazon.com/images/M/MV5BMzg1NzAzMWEtMGY2Ny00YzRkLTg4MmEtMDEyZWI2ZjFiMWU5XkEyXkFqcGc@._V1_.jpg", "Neagley, drawing from her experience with Jack Reacher and the 110 Special Investigators, embarks on a perilous mission to expose a sinister threat, risking her life to unravel the mystery.", "Action, Crime, Drama", "0", "TV-MA", "", "US", "2", "FLAT 0", "", "", "Maria Sten, Greyston Holt, Adeline Rudolph", "Maria Sten, Greyston Holt, Adeline Rudolph, Jasper Jones", "", "", "", "", "Toronto, Ontario, Canada", "English", "Dolby Atmos", "2.00 : 1", "Color", "0", "0", "TV Series", "True", "False", "False"
"Lanterns", "7.8", "46358", "https://www.imdb.com/title/tt26545992/", "https://m.media-amazon.com/images/M/MV5BM2ZjZDNlNDgtMjJlMy00NGRjLThlMGEtM2U4N2E4MDUwNjNmXkEyXkFqcGc@._V1_.jpg", "Lanterns follows new recruit John Stewart and Lantern legend Hal Jordan, two intergalactic cops drawn into a dark, Earth-based mystery as they investigate a murder in the American heartland.", "Action, Crime, Drama", "0", "TV-MA", "male nudity, male full frontal nudity, male frontal nudity, based on comic book, green lantern character", "US", "3", "UP 1", "", "", "Kyle Chandler, Aaron Pierre, Kelly Macdonald", "Kyle Chandler, Aaron Pierre, Kelly Macdonald, J. Alphonse Nicholson", "", "", "", "", "Los Angeles, California, USA", "English", "Dolby Atmos, Dolby Digital", "2.00 : 1", "Color", "0", "0", "TV Series", "True", "False", "False"
"MobLand", "8.3", "129003", "https://www.imdb.com/title/tt31510819/", "https://m.media-amazon.com/images/M/MV5BZDc4MmYxNTAtM2ViYy00YWQ4LThjZWUtNDZjNTZjNDFhNzBjXkEyXkFqcGc@._V1_.jpg", "Power is up for grabs as two warring crime families clash in a battle that threatens to topple empires. In the crossfire stands Harry Da Souza, a street-smart &apos;fixer&apos; who knows too well where loyalties lie when opposing forces col...", "Crime, Drama", "0", "TV-MA", "woman has sex with father and son, spin off, mafia, fixer, corrupt cop", "GB", "4", "UP 2", "", "", "Tom Hardy, Pierce Brosnan, Paddy Considine", "Tom Hardy, Pierce Brosnan, Paddy Considine, Joanne Froggatt", "", "", "", "", "Antwerp, Flanders, Belgium", "English", "Dolby Digital", "2.39 : 1", "Color", "0", "8", "TV Series", "True", "False", "False"
"The Gentlemen", "8.1", "203613", "https://www.imdb.com/title/tt13210838/", "https://m.media-amazon.com/images/M/MV5BMzM0YzFhMTYtYjZkNS00MWRmLTg2ZDgtY2MzYjQ5ODVmOTI1XkEyXkFqcGc@._V1_.jpg", "When aristocratic Eddie inherits the family estate, he discovers that it&apos;s home to a huge weed empire, and its proprietors aren&apos;t going anywhere.", "Crime, Drama", "0", "TV-MA", "spin off, criminal, drug, gang, gangster", "GB", "5", "DOWN 2", "", "", "Theo James, Kaya Scodelario, Joely Richardson", "Theo James, Kaya Scodelario, Joely Richardson, Vinnie Jones", "", "", "", "", "Badminton House, Gloucestershire, England, UK", "English", "Dolby Digital", "2.39 : 1", "Color", "4", "30", "TV Series", "True", "False", "False"
"American Horror Story", "7.9", "366002", "https://www.imdb.com/title/tt1844624/", "https://m.media-amazon.com/images/M/MV5BNTM3NTZjMDctYWQ3YS00NjQ4LWIwMjItNmIwZTlkM2U4NjRkXkEyXkFqcGc@._V1_.jpg", "An anthology horror drama series centering on different characters and locations, showcasing different aspects of horror. Created and produced by Ryan Murphy and Brad Falchuk.", "Drama, Horror, Sci-Fi", "0", "TV-MA", "anthology, female nudity, sex scene, serial killer, menage a trois", "US", "6", "UP 19", "", "", "Lady Gaga, Kathy Bates, Angela Bassett", "Lady Gaga, Kathy Bates, Angela Bassett, Evan Peters", "", "", "", "", "New Orleans, Louisiana, USA", "English", "Dolby Digital", "", "Color", "132", "413", "TV Series", "True", "False", "False"
"Lioness", "7.8", "102275", "https://www.imdb.com/title/tt13111078/", "https://m.media-amazon.com/images/M/MV5BZWE4OTM3NjgtM2ZlYS00NzllLTlkYmQtMjhiM2FjYzNiOTBiXkEyXkFqcGc@._V1_.jpg", "CIA operative Joe McNamara and her team attempt to balance their personal and professional lives as the tip of the spear in the agency&apos;s war on terror.", "Action, Thriller", "0", "TV-MA", "espionage, spy, terrorist, female star appears nude, female nudity", "US", "7", "UP 2", "", "", "Zoe Saldaña, Laysla De Oliveira, Dave Annable", "Zoe Saldaña, Laysla De Oliveira, Dave Annable, Jill Wagner", "", "", "", "", "Mallorca, Balearic Islands, Spain", "English", "Dolby Digital", "2.00 : 1", "Color", "7", "16", "TV Series", "True", "False", "False"
"Slow Horses", "8.4", "159928", "https://www.imdb.com/title/tt5875444/", "https://m.media-amazon.com/images/M/MV5BMmM2NDhmYjktNTIzZC00YjIwLWE1ZmUtNzM1MTNiMTU2NjdjXkEyXkFqcGc@._V1_.jpg", "A dysfunctional team of MI5 agents navigate the espionage world&apos;s smoke and mirrors to defend the UK from sinister forces.", "Drama, Thriller", "0", "TV-MA", "espionage, united kingdom, security service, intelligence operative, spook", "GB", "8", "FLAT 0", "", "", "Gary Oldman, Jack Lowden, Kristin Scott Thomas", "Gary Oldman, Jack Lowden, Kristin Scott Thomas, Saskia Reeves", "", "", "", "", "Mews, Old Royal Naval College, Greenwich, London, England, UK", "English", "Stereo", "2.00 : 1", "Color", "20", "124", "TV Series", "True", "False", "False"
"Brothers", "6.4", "1491", "https://www.imdb.com/title/tt6773088/", "https://m.media-amazon.com/images/M/MV5BY2ZlNTZkYTktMjlmNS00MDViLTg3YzktYTJlYjMwYjhkY2ZiXkEyXkFqcGc@._V1_.jpg", "Matthew and Woody have been best friends for years, but a shocking family secret suggests their connection might be closer.", "Comedy", "0", "TV-MA", "one word title", "US", "9", "UP 91", "", "", "Matthew McConaughey, Woody Harrelson, Ella Grace Helton", "Matthew McConaughey, Woody Harrelson, Ella Grace Helton, Barry Corbin", "", "", "", "", "Austin, Texas, USA", "English", "Dolby Digital", "1.78 : 1", "Color", "0", "0", "TV Series", "True", "False", "False"
"Ted Lasso", "8.7", "469331", "https://www.imdb.com/title/tt10986410/", "https://m.media-amazon.com/images/M/MV5BM2ZlYTU0YWUtMzY4OC00N2JkLTk1ZGQtN2UxNWJhMTBkMzM4XkEyXkFqcGc@._V1_.jpg", "American college football coach Ted Lasso is hired to manage AFC Richmond, a struggling English soccer club, and must win over skeptical players, staff, and fans.", "Comedy, Sport", "0", "TV-MA", "soccer, strong female character, american abroad, american in england, ex husband ex wife relationship", "US", "10", "FLAT 0", "", "", "Jason Sudeikis, Hannah Waddingham, Jeremy Swift", "Jason Sudeikis, Hannah Waddingham, Jeremy Swift, Brendan Hunt", "", "", "", "", "Hayes & Yeading United Football Club, SkyEX Community Stadium, Beaconsfield Road, Hayes, Greater London, England, UK", "English", "Stereo", "1.78 : 1", "Color", "75", "213", "TV Series", "True", "False", "False"
"A Different World", "6.7", "1351", "https://www.imdb.com/title/tt33081352/", "https://m.media-amazon.com/images/M/MV5BNGIwZDc3OWYtZTZkOS00NmRjLTk3NTAtNjQzODI3ZTI4MWU4XkEyXkFqcGc@._V1_.jpg", "Deborah Wayne enters her freshman year at Hillman College, her parents&apos; HBCU alma mater, where she must escape their shadow and build her own legacy.", "Comedy, Drama", "0", "TV-MA", "", "US", "11", "UP 782", "", "", "Maleah Joi Moon, Alijah Kai, Cornell Young IV", "Maleah Joi Moon, Alijah Kai, Cornell Young IV, Jordan Aaron Hall", "", "", "", "", "Atlanta, Georgia, USA", "English", "Stereo", "", "Color", "0", "0", "TV Series", "True", "False", "False"
"Reacher", "8", "320238", "https://www.imdb.com/title/tt9288030/", "https://m.media-amazon.com/images/M/MV5BMmE0YTA3MTItMjhiNC00MGQ3LTllZDktNGNiZWY1OWFmNmM1XkEyXkFqcGc@._V1_.jpg", "Itinerant former military policeman Jack Reacher solves crimes and metes out his own brand of street justice. Based on the novels by Lee Child.", "Action, Crime, Drama", "0", "TV-MA", "vigilantism, hobo, based on novel, vigilante justice, vigilante", "US", "12", "DOWN 7", "", "", "Alan Ritchson, Maria Sten, Malcolm Goodwin", "Alan Ritchson, Maria Sten, Malcolm Goodwin, Sydelle Noel", "", "", "", "", "Kingston Penitentiary, Kingston, Ontario, Canada", "English", "Dolby Atmos", "2.00 : 1", "Color", "3", "13", "TV Series", "True", "False", "False"
"Widow&apos;s Bay", "8.1", "88213", "https://www.imdb.com/title/tt33332385/", "https://m.media-amazon.com/images/M/MV5BZDBiMWZlMDQtNzkzMi00YzQzLTkwNTUtNzYwOGY3YmUxNDJjXkEyXkFqcGc@._V1_.jpg", "A skeptical mayor leads the superstitious residents of a cursed New England island.", "Horror", "0", "TV-MA", "folk horror, new england, widower, island, cursed place", "US", "13", "DOWN 6", "", "", "Matthew Rhys, Kate O'Flynn, Kevin Carroll", "Matthew Rhys, Kate O'Flynn, Kevin Carroll, Dale Dickey", "", "", "", "", "New England Studios, Devens, Massachusetts, USA", "English", "Dolby Atmos", "1.85 : 1", "Color", "24", "15", "TV Series", "True", "False", "False"
"The Mentalist", "8.2", "253388", "https://www.imdb.com/title/tt1196946/", "https://m.media-amazon.com/images/M/MV5BMTQ5OTgzOTczM15BMl5BanBnXkFtZTcwMDM2OTY4MQ@@._V1_.jpg", "Famous &quot;psychic&quot; Patrick Jane outs himself as a fake, and using his heightened observational skills and impeccable knowledge of the human psyche, he works with the police so he can find &quot;Red John&quot;, the madman who killed his family.", "Crime, Drama, Mystery", "0", "TV-14", "solving crime, criminal psychology, brilliant mind, criminal investigation, police consultant", "US", "14", "DOWN 1", "", "", "Simon Baker, Robin Tunney, Tim Kang", "Simon Baker, Robin Tunney, Tim Kang, Owain Yeoman", "", "", "", "", "Sacramento, California, USA", "English", "Dolby Digital", "1.78 : 1", "Color", "4", "16", "TV Series", "True", "False", "False"
"Silo", "8.1", "245611", "https://www.imdb.com/title/tt14688458/", "https://m.media-amazon.com/images/M/MV5BN2E5ODJmOTUtYTk0NS00NmFiLTk0MTgtZDRlNzE1YmExMjk4XkEyXkFqcGc@._V1_.jpg", "Men and women live in a giant silo underground with several regulations which they believe are in place to protect them from the toxic and ruined world on the surface.", "Adventure, Drama, Mystery", "0", "TV-MA", "dystopia, post apocalypse, underground city, hidden history, lost technology", "US", "15", "DOWN 4", "", "", "Rebecca Ferguson, Shane McRae, Common", "Rebecca Ferguson, Shane McRae, Common, Tim Robbins", "", "", "", "", "Hertfordshire, England, UK", "English", "Dolby Atmos", "", "Color", "5", "33", "TV Series", "True", "False", "False"
"Game of Thrones", "9.2", "2668004", "https://www.imdb.com/title/tt0944947/", "https://m.media-amazon.com/images/M/MV5BNGYxOGJkMjItZjVkZC00OGEzLWExNjktOTZmNGZhZmRlMTk2XkEyXkFqcGc@._V1_.jpg", "Nine noble families vie for control of Westeros and the Iron Throne, while an ancient threat beyond The Wall begins to stir.", "Drama, Fantasy", "0", "TV-MA", "politics, nudity, dragon, incest, kingdom", "US", "16", "DOWN 2", "", "", "Emilia Clarke, Peter Dinklage, Kit Harington", "Emilia Clarke, Peter Dinklage, Kit Harington, Lena Headey", "", "", "", "", "Split, Split-Dalmatia County, Croatia", "English", "Dolby Digital", "1.78 : 1", "Color", "396", "656", "TV Series", "True", "False", "False"
"The Blame", "6.8", "1254", "https://www.imdb.com/title/tt36857537/", "https://m.media-amazon.com/images/M/MV5BMDFiOGQ3NzYtNjJiMy00OWY0LTliNTAtMDhkM2JjZTZjNDVlXkEyXkFqcGc@._V1_.jpg", "Two detectives fall in love while investigating a murder, until one becomes a suspect.", "Crime, Drama, Mystery", "0", "", "cop drama", "GB", "17", "UP 364", "", "", "Michelle Keegan, Ian Hart, Douglas Booth", "Michelle Keegan, Ian Hart, Douglas Booth, Josh Bolt", "", "", "", "", "London, England, UK", "English", "", "", "Color", "0", "0", "TV Series", "True", "False", "False"
"Dark Matter", "7.6", "81737", "https://www.imdb.com/title/tt19231492/", "https://m.media-amazon.com/images/M/MV5BN2U4YWMyZTMtMmEzMy00Yzk0LThiNTctNjE0YTc5ZDZhZTk5XkEyXkFqcGc@._V1_.jpg", "A man is abducted into an alternate version of his life. Amid the mind-bending landscape of lives he could&apos;ve lived, he embarks on a harrowing journey to get back to his true family and save them from a most terrifying foe: himself..", "Drama, Sci-Fi, Thriller", "0", "TV-MA", "based on novel, quantum superposition, quantum mechanics, alternate version of self, husband wife relationship", "US", "18", "UP 2", "", "", "Joel Edgerton, Jennifer Connelly, Alice Braga", "Joel Edgerton, Jennifer Connelly, Alice Braga, Jimmi Simpson", "", "", "", "", "Chicago, Illinois, USA", "English", "Dolby Atmos", "2.00 : 1", "Color", "0", "5", "TV Series", "True", "False", "False"
"Youth", "6.5", "773", "https://www.imdb.com/title/tt35949226/", "https://m.media-amazon.com/images/M/MV5BN2FkZDYyMTktZTgxYi00NjUyLWJjOTktZWZjMjE5YzYxMGMzXkEyXkFqcGc@._V1_.jpg", "A 50-year-old divorcee juggles dating life while taking care of her parents and adult son.", "Comedy, Drama", "0", "TV-MA", "50 year old woman, teenager, 19 year old man, son, mother", "US", "19", "UP 65", "", "", "Sharon Horgan, Libby Mai, Rupert Friend", "Sharon Horgan, Libby Mai, Rupert Friend, Sharlene Whyte", "", "", "", "", "London, England, UK", "English", "", "", "Color", "0", "0", "TV Series", "True", "False", "False"
"El problema final", "6.3", "1203", "https://www.imdb.com/title/tt36832679/", "https://m.media-amazon.com/images/M/MV5BZDI1YTE5ZDEtNDBlNS00MWRlLWJjY2UtYjhiMjhkMDlhMjk5XkEyXkFqcGc@._V1_.jpg", "In 1959, 13 people are stranded on an islet near Mallorca during a storm. At their small hotel, English tourist Elisa Mander is found dead. When suicide seems unlikely, retired actor Basil, once Sherlock Holmes on screen, investig...", "Crime, Drama, History", "0", "", "tv mini series, period piece, suspense mystery, 1950s, whodunnit", "ES", "20", "UP 986", "", "", "Jose Coronado, María Valverde, Martiño Rivas", "Jose Coronado, María Valverde, Martiño Rivas, Gonzalo de Castro", "", "", "", "", "Grupo Secuoya, Tres Cantos, Madrid, Spain", "Spanish", "Dolby Digital", "", "Color", "0", "0", "TV Mini Series", "True", "False", "False"
"Breaking Bad", "9.5", "2684023", "https://www.imdb.com/title/tt0903747/", "https://m.media-amazon.com/images/M/MV5BMzU5ZGYzNmQtMTdhYy00OGRiLTg0NmQtYjVjNzliZTg1ZGE4XkEyXkFqcGc@._V1_.jpg", "A chemistry teacher diagnosed with inoperable lung cancer turns to manufacturing and selling methamphetamine with a former student to secure his family&apos;s future.", "Crime, Drama, Thriller", "0", "TV-MA", "cancer, chemistry, drug trade, drug, meth lab", "US", "21", "DOWN 3", "", "", "Bryan Cranston, Aaron Paul, Anna Gunn", "Bryan Cranston, Aaron Paul, Anna Gunn, Dean Norris", "", "", "", "", "3828 Piermont Dr NE, Albuquerque, New Mexico, USA", "English, Spanish", "Dolby Digital", "", "Color", "172", "269", "TV Series", "True", "False", "False"
"Star Trek: Strange New Worlds", "8.2", "80319", "https://www.imdb.com/title/tt12327578/", "https://m.media-amazon.com/images/M/MV5BOWY1Y2ZlNzctMzIwMi00NTM3LWJiNDUtMTZmYWY0Y2NmZmE2XkEyXkFqcGc@._V1_.jpg", "A prequel to Star Trek (1966), this series follows the crew of the USS Enterprise under the command of Captain Christopher Pike.", "Action, Adventure, Sci-Fi", "0", "TV-PG", "prequel, star trek, starship, space opera, space", "CA", "22", "FLAT 0", "", "", "Melissa Navia, Anson Mount, Ethan Peck", "Melissa Navia, Anson Mount, Ethan Peck, Christina Chong", "", "", "", "", "Toronto, Ontario, Canada", "English", "D-Cinema 48kHz 5.1, Dolby Digital, Dolby Atmos", "2.39 : 1", "Color", "14", "48", "TV Series", "True", "False", "False"
"Last Seen", "7.4", "2310", "https://www.imdb.com/title/tt6037988/", "https://m.media-amazon.com/images/M/MV5BNmI3MjQzN2YtZjMxYy00MWJlLWFlNjYtOTZmY2NkZGE0NTMzXkEyXkFqcGc@._V1_.jpg", "Police dispatcher Ian Ridley&apos;s daughter Maggie disappeared years ago. He receives a call, believing it&apos;s her, and embarks on a relentless quest to find her and reunite his family, disregarding consequences.", "Mystery, Thriller", "0", "TV-MA", "based on novel", "US", "23", "DOWN 7", "", "", "Patrick Brammall, Maxine Peake, Daniel Henshall", "Patrick Brammall, Maxine Peake, Daniel Henshall, Zahra Newman", "", "", "", "", "Melbourne, Victoria, Australia", "English", "", "", "Color", "0", "0", "TV Series", "True", "False", "False"
"Furious", "7.8", "28707", "https://www.imdb.com/title/tt36303968/", "https://m.media-amazon.com/images/M/MV5BYzI4NDEzNjktMTI1Ni00ZjIyLWExNmQtZTZlMDhiOGE4ZTBjXkEyXkFqcGc@._V1_.jpg", "FBI agent Alice Black is on the hunt for a mysterious and calculating female serial killer. Both walk their own paths toward justice, and as their lives start to intertwine, the line between right and wrong begins to blur.", "Crime, Drama, Thriller", "0", "TV-MA", "female rear nudity, girls showering together, female nudity, psychological manipulation, group shower", "US", "24", "DOWN 9", "", "", "Emmy Rossum, Lola Petticrew, Quincy Tyler Bernstine", "Emmy Rossum, Lola Petticrew, Quincy Tyler Bernstine, Scoot McNairy", "", "", "", "", "New York City, New York, USA", "English", "Dolby Digital", "2.39 : 1", "Color", "0", "0", "TV Series", "True", "False", "False"
"Line of Fire", "6.2", "680", "https://www.imdb.com/title/tt39365612/", "https://m.media-amazon.com/images/M/MV5BYmQ2ZTc3ZTUtNzU3Zi00MjFiLTg2OTktZWM4YzM1Y2Y4NmI4XkEyXkFqcGc@._V1_.jpg", "A family of law enforcement agents become targets of a mysterious assassin after a U.S. Marshal falls in the line of duty, forcing them to use their expertise to protect each other.", "Action, Crime, Drama", "0", "TV-14", "", "US", "25", "UP 104", "", "", "Peter Krause, Hope Davis, Tommy O'Brien", "Peter Krause, Hope Davis, Tommy O'Brien, Kat Cunning", "", "", "", "", "Atlanta, Georgia, USA", "English", "Stereo", "1.78 : 1", "Color", "0", "0", "TV Series", "True", "False", "False"
"Mushoku Tensei: Isekai Ittara Honki Dasu", "8.2", "65287", "https://www.imdb.com/title/tt13293588/", "https://m.media-amazon.com/images/M/MV5BYWQwNjk3MDItNDAxMS00YTQ2LWEyNDctMGYyZTE5OGQxNGQ1XkEyXkFqcGc@._V1_.jpg", "A 34-year-old underachiever gets run over by a bus, but his story isn&apos;t over. Reincarnated as an infant, he&apos;ll embark on an epic adventure.", "Animation, Action, Adventure", "0", "TV-MA", "based on light novel, fantasy literature on screen, polygamy, ecchi, isekai", "JP", "26", "UP 48", "", "", "Yumi Uchiyama, Tomokazu Sugita, Ai Kayano", "Yumi Uchiyama, Tomokazu Sugita, Ai Kayano, Ai Kakuma", "", "", "", "", "", "Japanese, Portuguese, Russian, Spanish, French, Italian, English, German", "", "", "Color", "11", "28", "TV Series", "True", "False", "False"
"Stuart Fails to Save the Universe", "7", "12391", "https://www.imdb.com/title/tt27497393/", "https://m.media-amazon.com/images/M/MV5BNmRmODg5ZTctMTMyMS00YmZmLWEyZTMtMjFmOGU1NjYwMGI2XkEyXkFqcGc@._V1_.jpg", "Comic-bookstore owner Stuart Bloom from The Big Bang Theory (2007) returns in a new series where he attempts--and apparently fails--to save the universe, staying true to his unlucky nature.", "Comedy, Fantasy, Sci-Fi", "0", "TV-MA", "spin off, sitcom comedy, life", "US", "27", "DOWN 3", "", "", "Kevin Sussman, Lauren Lapkus, Brian Posehn", "Kevin Sussman, Lauren Lapkus, Brian Posehn, John Ross Bowie", "", "", "", "", "Los Angeles, California, USA", "English", "Dolby Digital", "", "Color", "0", "0", "TV Series", "True", "False", "False"
"Best Medicine", "6.7", "7316", "https://www.imdb.com/title/tt36885662/", "https://m.media-amazon.com/images/M/MV5BOWJhNTY2NzYtZDk2Yy00OTQzLWExZDUtNTYzMGNmNzZjNjkwXkEyXkFqcGc@._V1_.jpg", "A brilliant surgeon leaves Boston to become a doctor in the small town where he spent childhood summers. Despite his medical skills, his rude manner alienates locals as he battles hidden phobias and struggles with personal connect...", "Comedy, Drama", "0", "TV-14", "small town, doctor, based on british tv series, close knit community, aunt", "US", "28", "UP 58", "", "", "Josh Charles, Abigail Spencer, Josh Segarra", "Josh Charles, Abigail Spencer, Josh Segarra, Cree", "", "", "", "", "Newburgh, New York, USA", "English", "Stereo", "2.00 : 1", "Color", "0", "0", "TV Series", "True", "False", "False"
"The Sopranos", "9.2", "599069", "https://www.imdb.com/title/tt0141842/", "https://m.media-amazon.com/images/M/MV5BZjYwNWQwOTMtMzYwOS00NTcxLWFhNTYtNGQ4YjdmYTcyNDFkXkEyXkFqcGc@._V1_.jpg", "New Jersey mob boss Tony Soprano deals with personal and professional issues in his home and business life that affect his mental state, leading him to seek professional psychiatric counseling.", "Crime, Drama", "0", "TV-MA", "mafia, psychiatrist, italian american, violence, overweight mafioso", "US", "29", "DOWN 6", "", "", "James Gandolfini, Lorraine Bracco, Edie Falco", "James Gandolfini, Lorraine Bracco, Edie Falco, Michael Imperioli", "", "", "", "", "Satin Dolls - 230 State Route 17 S., Lodi, New Jersey, USA", "English, Italian, Russian", "Dolby Digital, DTS", "1.78 : 1", "Color", "127", "312", "TV Series", "True", "False", "False"
"Re:Zero kara Hajimeru Isekai Seikatsu", "8.3", "97306", "https://www.imdb.com/title/tt5607616/", "https://m.media-amazon.com/images/M/MV5BNDlmM2M2ZTgtN2RkYi00Nzk1LThkNTQtNzBjMGVjNWIwYjM4XkEyXkFqcGc@._V1_.jpg", "After being suddenly transported to another world, Subaru Natsuki and his new female partner are brutally murdered. However, Subaru awakens to a familiar scene, meeting the same girl again. The day begins to mysteriously repeat it...", "Animation, Adventure, Drama", "0", "TV-MA", "isekai, femboy, dark fantasy, return from the dead, anime", "JP", "30", "FLAT 0", "", "", "Yusuke Kobayashi, Rie Takahashi, Rie Murakawa", "Yusuke Kobayashi, Rie Takahashi, Rie Murakawa, Kohei Amasaki", "", "", "", "", "", "Japanese, English, Spanish, Portuguese, French, German", "Dolby Digital, Dolby Surround 7.1", "1.78 : 1, 2.35 : 1", "Color", "47", "57", "TV Series", "True", "False", "False"
"The Wire", "9.3", "440425", "https://www.imdb.com/title/tt0306414/", "https://m.media-amazon.com/images/M/MV5BYjIxZTMwZmUtOTUzYS00YmU2LWJhNDAtNzA2NDg0NDA0MjVkXkEyXkFqcGc@._V1_.jpg", "The Baltimore drug scene, as seen through the eyes of drug dealers and law enforcement.", "Crime, Drama, Thriller", "0", "TV-MA", "baltimore maryland, drug trafficking, police department politics, corruption, urban decay", "US", "31", "UP 32", "", "", "Dominic West, Lance Reddick, Sonja Sohn", "Dominic West, Lance Reddick, Sonja Sohn, John Doman", "", "", "", "", "Baltimore, Maryland, USA", "English, Greek, Mandarin, Spanish", "", "4:3", "Color", "18", "59", "TV Series", "True", "False", "False"
"The Pitt", "8.9", "173282", "https://www.imdb.com/title/tt31938062/", "https://m.media-amazon.com/images/M/MV5BMThjMjYxM2YtM2IzZC00NDdmLThiNDYtNzEyNzA0YTRmYTk3XkEyXkFqcGc@._V1_.jpg", "The daily lives of healthcare professionals in a Pittsburgh hospital as they juggle personal crises, workplace politics, and the emotional toll of treating critically ill patients, revealing the resilience required in their noble ...", "Drama", "0", "TV-MA", "emergency room, doctor, medical drama, hospital, autism", "US", "32", "DOWN 13", "", "", "Noah Wyle, Patrick Ball, Katherine LaNasa", "Noah Wyle, Patrick Ball, Katherine LaNasa, Fiona Dourif", "", "", "", "", "Warner Brothers Burbank Studios - 4000 Warner Boulevard, Burbank, California, USA", "English", "Dolby Digital", "1.78 : 1", "Color", "55", "87", "TV Series", "True", "False", "False"
"American Hostage", "7.1", "627", "https://www.imdb.com/title/tt30051064/", "https://m.media-amazon.com/images/M/MV5BZjg0NWVlOTMtNWJjYy00ZjllLWJlMDAtNGQxYWI5NDA5ZjU2XkEyXkFqcGc@._V1_.jpg", "Fred Heckman, a beloved Indianapolis radio reporter, is thrust into the middle of a life-or-death crisis when hostage-taker, Tony Kiritsis, demands to be interviewed on his popular radio news program.", "Crime, Drama, Thriller", "0", "TV-MA", "", "US", "33", "UP 102", "", "", "Jon Hamm, Giovanni Ribisi, William Jackson Harper", "Jon Hamm, Giovanni Ribisi, William Jackson Harper, Mireille Enos", "", "", "", "", "Winnipeg, Manitoba, Canada", "English", "", "", "Color", "0", "0", "TV Series", "True", "False", "False"
"Marble Hall Murders", "7.7", "677", "https://www.imdb.com/title/tt35617054/", "https://m.media-amazon.com/images/M/MV5BMWNkZTc4NTYtN2QyZi00ZjdhLWExOWUtNzRkYWRjNWM1NzNmXkEyXkFqcGc@._V1_.jpg", "Susan returns to England, where she investigates a mystery involving a children&apos;s author&apos;s death, connected to a 1955 story set in Corfu.", "Crime, Drama, Mystery", "0", "", "miniseries, tv mini series", "GB", "34", "UP 108", "", "", "Lesley Manville, Rupert Penry-Jones, Tim McMullan", "Lesley Manville, Rupert Penry-Jones, Tim McMullan, Luke Lambert", "", "", "", "", "Dublin, Ireland", "English", "", "", "Color", "0", "0", "TV Mini Series", "True", "False", "False"
"Steel Ball Run: JoJo&apos;s Bizarre Adventure", "9.4", "28694", "https://www.imdb.com/title/tt38268282/", "https://m.media-amazon.com/images/M/MV5BZDFmY2JjYmYtNjZhOC00ODJkLTliMjYtM2Y4YzBjMWE0ZGZjXkEyXkFqcGc@._V1_.jpg", "A paraplegic ex-jockey joins forces with an outlaw to compete in the first cross-continental horse race across North America in the 1800s.", "Animation, Action, Adventure", "0", "TV-MA", "seinen anime animation, wild west, hand drawn animation, anime animation, neo western", "JP", "35", "UP 561", "", "", "Rie Takahashi, Kenta Miyake, Kaito Ishikawa", "Rie Takahashi, Kenta Miyake, Kaito Ishikawa, Yohei Azakami", "", "", "", "", "", "Japanese", "", "", "Color", "0", "1", "TV Series", "True", "False", "False"
"House of the Dragon", "8.2", "572145", "https://www.imdb.com/title/tt11198330/", "https://m.media-amazon.com/images/M/MV5BOWU2ZDA0M2EtNWEyYy00MWUwLWI4NjAtYzkxMDFjYzZkNGFiXkEyXkFqcGc@._V1_.jpg", "An internal succession war within House Targaryen at the height of its power, 172 years before the birth of Daenerys Targaryen.", "Action, Adventure, Drama", "0", "TV-MA", "dragon, kingdom, dysfunctional family, prequel, prince", "US", "36", "DOWN 9", "", "", "Matt Smith, Emma D'Arcy, Olivia Cooke", "Matt Smith, Emma D'Arcy, Olivia Cooke, Steve Toussaint", "", "", "", "", "Monsanto, Castelo Branco, Portugal", "English", "Dolby Atmos, Dolby Digital", "2.00 : 1", "Color", "23", "103", "TV Series", "True", "False", "False"
"Crew Girl", "6.6", "3854", "https://www.imdb.com/title/tt38218082/", "https://m.media-amazon.com/images/M/MV5BMWVmYTE5OWQtOWJlMi00NzY4LWJmMTAtZDQ2ZTg1MTZhNWVlXkEyXkFqcGc@._V1_.jpg", "After being disgraced by her father&apos;s financial fraud, a teen girl must escape with her mother to a small town where she ends up being the only female rower on the team at her new prep school.", "Drama, Romance, Sport", "0", "TV-14", "coming of age drama, student, dysfunctional, high school, female protagonist", "CA", "37", "DOWN 25", "", "", "Miku Martineau, Samuel Braun, Kyle Clark", "Miku Martineau, Samuel Braun, Kyle Clark, Thomas Cadrot", "", "", "", "", "Victoria, British Columbia, Canada", "English", "Dolby Digital", "2.35 : 1", "Color", "0", "1", "TV Series", "True", "False", "False"
"The Rookie", "8", "136687", "https://www.imdb.com/title/tt7587890/", "https://m.media-amazon.com/images/M/MV5BMTdmNjFlMjktZDI1ZC00MzMzLTkxZmItMzE0OTJkMDAwNzQ4XkEyXkFqcGc@._V1_.jpg", "Starting over isn&apos;t easy, especially for John Nolan who, after a life-altering incident, is pursuing his dream of joining the LAPD. As their oldest rookie, he&apos;s met with skepticism from those who see him as just a walking midlife ...", "Action, Crime, Drama", "0", "TV-14", "lapd, police officer, rookie cop, male protagonist, male female cop partnership", "US", "38", "DOWN 5", "", "", "Nathan Fillion, Alyssa Diaz, Richard T. Jones", "Nathan Fillion, Alyssa Diaz, Richard T. Jones, Melissa O'Neil", "", "", "", "", "Los Angeles Department of Water and Power - 111 N Hope St, Los Angeles, California, USA", "English", "Stereo", "16:9 HD", "Color", "3", "9", "TV Series", "True", "False", "False"
"Supernatural", "8.4", "549483", "https://www.imdb.com/title/tt0460681/", "https://m.media-amazon.com/images/M/MV5BMDFmMGZmMGItNGRjNC00NjVjLWI5ODEtNzhjMTE5MmJhN2FkXkEyXkFqcGc@._V1_.jpg", "Two brothers follow their father&apos;s footsteps as hunters, fighting evil supernatural beings of many kinds, including monsters, demons, and gods that roam the earth.", "Drama, Fantasy, Horror", "0", "TV-14", "brotherly love, ghost, monster, demon hunter, vampire", "US", "39", "DOWN 5", "", "", "Jared Padalecki, Jensen Ackles, Jim Beaver", "Jared Padalecki, Jensen Ackles, Jim Beaver, Misha Collins", "", "", "", "", "Buntzen Lake, Anmore, British Columbia, Canada", "English", "Dolby Digital", "1.78 : 1", "Color", "37", "126", "TV Series", "True", "False", "False"
"De Eetclub", "6.6", "2766", "https://www.imdb.com/title/tt37439410/", "https://m.media-amazon.com/images/M/MV5BYzZkNzcyODktZTE5Yy00ZGEzLWE1OWUtNzVkZjI5NzNlODgzXkEyXkFqcGc@._V1_.jpg", "Four couples in a tight-knit group enjoy an extravagant lifestyle; their web of lies starts to unravel when the villa of one couple burns down, killing one member.", "Crime, Drama, Mystery", "0", "TV-MA", "female rear nudity, married man seduces married woman, gossip, wife flirts with another man in front of husband, deep cleavage", "NL", "40", "DOWN 23", "", "", "Loes Haverkort, Teun Luijkx, Rifka Lodeizen", "Loes Haverkort, Teun Luijkx, Rifka Lodeizen, Remko Vrijdag", "", "", "", "", "", "Dutch", "", "", "Color", "0", "0", "TV Series", "True", "False", "False"
"Shingeki no kyojin", "9.1", "750438", "https://www.imdb.com/title/tt2560140/", "https://m.media-amazon.com/images/M/MV5BZjliODY5MzQtMmViZC00MTZmLWFhMWMtMjMwM2I3OGY1MTRiXkEyXkFqcGc@._V1_.jpg", "In a world where humanity shelters behind towering walls from man-eating Titans, a determined teen joins the elite Survey Corps to fight the giants and uncover the secrets of their origin.", "Animation, Action, Adventure", "0", "TV-MA", "anime, giant, man eating monster, based on manga, titan", "JP", "41", "DOWN 5", "", "", "Jessie James Grelle, Bryce Papenbrook, Trina Nishimura", "Jessie James Grelle, Bryce Papenbrook, Trina Nishimura, Yûki Kaji", "", "", "", "", "", "Japanese, English", "Stereo", "1.78 : 1, 16:9 HD", "Color", "42", "88", "TV Series", "True", "False", "False"
"True Detective", "8.8", "773000", "https://www.imdb.com/title/tt2356777/", "https://m.media-amazon.com/images/M/MV5BYjgwYzA1NWMtNDYyZi00ZGQyLWI5NTktMDYwZjE2OTIwZWEwXkEyXkFqcGc@._V1_.jpg", "Anthology series in which police investigations unearth the personal and professional secrets of those involved, both within and outside the law.", "Crime, Drama, Mystery", "0", "TV-MA", "murder, female full frontal nudity, police investigation, police detective, southern gothic", "US", "42", "UP 1", "", "", "Vince Vaughn, Colin Farrell, Rachel McAdams", "Vince Vaughn, Colin Farrell, Rachel McAdams, Matthew McConaughey", "", "", "", "", "Arkansas, USA", "English", "Dolby Digital", "1.78 : 1", "Color", "48", "171", "TV Series", "True", "False", "False"
"R.J. Decker", "7.1", "5641", "https://www.imdb.com/title/tt37063558/", "https://m.media-amazon.com/images/M/MV5BNjA0OWVkZGItOTcyZS00MmVmLWI4ODAtMWFjODIxYjE4MDgzXkEyXkFqcGc@._V1_.jpg", "Ex-con photographer RJ Decker becomes a PI in South Florida, solving strange cases with help from his journalist ex, her cop wife, and an enigmatic woman from his past who may help or destroy him.", "Action, Comedy, Crime", "0", "TV-14", "", "US", "43", "DOWN 5", "", "", "Scott Speedman, Jaina Lee Ortiz, Kevin Rankin", "Scott Speedman, Jaina Lee Ortiz, Kevin Rankin, Adelaide Clemens", "", "", "", "", "Wilmington, North Carolina, USA", "English", "Stereo", "16:9 HD", "Color", "0", "1", "TV Series", "True", "False", "False"
"South Park", "8.7", "449725", "https://www.imdb.com/title/tt0121955/", "https://m.media-amazon.com/images/M/MV5BNTBlMzA3ZTUtODZjNi00NTM0LWExMjMtNjJhYzA3YTkwMWYwXkEyXkFqcGc@._V1_.jpg", "The misadventures of four foul-mouthed, dirty-minded, irreverent grade-schoolers who live in the quiet, dysfunctional mountain town of South Park, Colorado.", "Animation, Comedy", "0", "TV-MA", "colorado, social satire, political humor, profanity, dysfunctional society", "US", "44", "UP 1", "", "", "Trey Parker, Matt Stone, Isaac Hayes", "Trey Parker, Matt Stone, Isaac Hayes, Mona Marshall", "", "", "", "", "USA", "English", "Dolby Stereo", "1.33 : 1, 1.78 : 1", "Color", "24", "101", "TV Series", "True", "False", "False"
"The Walking Dead", "8.1", "1216331", "https://www.imdb.com/title/tt1520211/", "https://m.media-amazon.com/images/M/MV5BYWQwMGRhNGEtZTNhMy00MzVjLWJhMjItYjcwMDljMTkyNTg2XkEyXkFqcGc@._V1_.jpg", "Sheriff Deputy Rick Grimes wakes up from a coma to learn the world is in ruins and must lead a group of survivors to stay alive.", "Drama, Horror, Thriller", "0", "TV-MA", "zombie, post apocalypse, survival, zombie apocalypse, death", "US", "45", "DOWN 6", "", "", "Andrew Lincoln, Norman Reedus, Melissa McBride", "Andrew Lincoln, Norman Reedus, Melissa McBride, Lauren Cohan", "", "USD 605,764", "USD 151,441", "USD 151,441", "Senoia, Georgia, USA", "English", "Dolby Digital", "1.78 : 1", "Color", "86", "237", "TV Series", "True", "False", "False"
"Better Call Saul", "9", "867557", "https://www.imdb.com/title/tt3032476/", "https://m.media-amazon.com/images/M/MV5BMTAxOTQ0MjUzMzJeQTJeQWpwZ15BbWU4MDY0NTAxNzMx._V1_.jpg", "Albuquerque lawyer Jimmy McGill scrapes for clients and respect, but every win drags him closer to shady deals, dangerous players, and the alter ego Saul Goodman.", "Crime, Drama", "0", "TV-MA", "lawyer, drug trade, spin off, organized crime, psychosomatic illness", "US", "46", "DOWN 5", "", "", "Bob Odenkirk, Rhea Seehorn, Jonathan Banks", "Bob Odenkirk, Rhea Seehorn, Jonathan Banks, Patrick Fabian", "", "", "", "", "Albuquerque, New Mexico, USA", "English, Spanish, Vietnamese", "Stereo, Dolby Digital", "", "Color", "66", "317", "TV Series", "True", "False", "False"
"The Beast in Me", "7.4", "82069", "https://www.imdb.com/title/tt31974367/", "https://m.media-amazon.com/images/M/MV5BZDI5MzdkMzktMjcxYi00OTcyLTljMWEtYzg2NTA5OTcwYTJkXkEyXkFqcGc@._V1_.jpg", "Author Aggie Wiggs, grieving the loss of her son, finds new purpose unraveling the mystery behind neighbor Nile Jarvis&apos; vanished wife and his suspicious dealings.", "Crime, Drama, Mystery", "0", "TV-MA", "female protagonist, author, book, secret, new neighbour", "US", "47", "DOWN 15", "", "", "Claire Danes, Matthew Rhys, Brittany Snow", "Claire Danes, Matthew Rhys, Brittany Snow, Natalie Morales", "", "", "", "", "Red Bank, New Jersey, USA", "English", "Dolby Digital", "2.00 : 1", "Color", "2", "29", "TV Series", "True", "False", "False"
"Fauda", "8.3", "46673", "https://www.imdb.com/title/tt4565380/", "https://m.media-amazon.com/images/M/MV5BZDNjNzhmM2ItYWM4Ni00ZThjLWE4N2YtODQ1MzRiYWQ0YzBlXkEyXkFqcGc@._V1_.jpg", "The human stories on both sides of the Israel-Palestine conflict.", "Action, Drama, Thriller", "0", "TV-MA", "21st century, spy thriller, political thriller, undercover mission, israeli palestinian conflict", "IL", "48", "DOWN 20", "", "", "Lior Raz, Itzik Cohen, Yaakov Zada-Daniel", "Lior Raz, Itzik Cohen, Yaakov Zada-Daniel, Netta Garti", "ILS 100,000", "", "", "", "", "Hebrew, Arabic", "Stereo", "1.78 : 1", "", "15", "8", "TV Series", "True", "False", "False"
"Severance", "8.6", "409292", "https://www.imdb.com/title/tt11280740/", "https://m.media-amazon.com/images/M/MV5BZDI5YzJhODQtMzQyNy00YWNmLWIxMjUtNDBjNjA5YWRjMzExXkEyXkFqcGc@._V1_.jpg", "Mark leads a team of office workers whose memories have been surgically divided between their work and personal lives. When a mysterious colleague appears outside of work, it begins a journey to discover the truth about their jobs.", "Drama, Mystery, Sci-Fi", "0", "TV-MA", "dystopian sci fi, psychological drama, memory, office, mind control", "US", "49", "FLAT 0", "", "", "Adam Scott, Britt Lower, Zach Cherry", "Adam Scott, Britt Lower, Zach Cherry, Tramell Tillman", "", "", "", "", "Bell Laboratories - 101 Crawfords Corner Road, Holmdel Township, New Jersey, USA", "English", "", "2.39 : 1", "Color", "51", "202", "TV Series", "True", "False", "False"
"Band of Brothers", "9.4", "607206", "https://www.imdb.com/title/tt0185906/", "https://m.media-amazon.com/images/M/MV5BYjdlNGJlYjQtMDU2Mi00ZjA1LWEwYzgtYzlmNDM5MmE1ZGUwXkEyXkFqcGc@._V1_.jpg", "The men of Easy Company, 506th Parachute Infantry Regiment, train for war and fight across Europe during World War II, forging bonds of brotherhood amid the brutal realities of combat.", "Action, Drama, History", "0", "TV-MA", "world war two soldier, netherlands, military, world war two, 20th century", "GB", "50", "DOWN 10", "", "", "Scott Grimes, Damian Lewis, Ron Livingston", "Scott Grimes, Damian Lewis, Ron Livingston, Matthew Leitch", "USD 125,000,000", "", "", "", "Ashdown Forest, East Sussex, England, UK", "English, German, French, Dutch, Latin, Polish, Spanish", "Dolby Digital", "1.78 : 1", "Color", "34", "26", "TV Mini Series", "True", "False", "False"
"Wonka&apos;s: The Golden Ticket", "4.5", "929", "https://www.imdb.com/title/tt36258621/", "https://m.media-amazon.com/images/M/MV5BNTViMTljYjAtMDRiYi00NjAzLWEzZjEtODg4ODI5OTJlYjVmXkEyXkFqcGc@._V1_.jpg", "Follows contestants who will compete to gain entry into a &quot;retro-futuristic&quot; chocolate factory by obtaining golden tickets. Once inside, they will face various challenges.", "Adventure, Family, Game-Show", "0", "TV-PG", "retro futuristic, contestants, competition reality tv, based on children's book, chocolate", "US", "51", "UP 1457", "", "", "Gabrielle Wright, Taylor Schilling, Austin Keil", "Gabrielle Wright, Taylor Schilling, Austin Keil, Ziad Mansour", "", "", "", "", "Village Roadshow Studios, Oxenford, Queensland, Australia", "English", "Dolby Digital", "16:9 HD", "Color", "0", "0", "TV Series", "True", "False", "False"
"It&apos;s Always Sunny in Philadelphia", "8.8", "285825", "https://www.imdb.com/title/tt0472954/", "https://m.media-amazon.com/images/M/MV5BZjkxZWUzNGEtNWFjZi00MDJmLWI2ODctMDRiZTdhY2RiNmZkXkEyXkFqcGc@._V1_.jpg", "Five friends with big egos and small brains are the proprietors of an Irish pub in Philadelphia.", "Comedy", "0", "TV-MA", "irish pub, pub, homoerotic friendship, alcohol, gay", "US", "52", "DOWN 4", "", "", "Charlie Day, Glenn Howerton, Rob Mac", "Charlie Day, Glenn Howerton, Rob Mac, Kaitlin Olson", "", "", "", "", "Philadelphia, Pennsylvania, USA", "English", "Stereo", "1.78 : 1, 16:9 HD", "Color", "4", "17", "TV Series", "True", "False", "False"
"The Office", "9", "852871", "https://www.imdb.com/title/tt0386676/", "https://m.media-amazon.com/images/M/MV5BZjQwYzBlYzUtZjhhOS00ZDQ0LWE0NzAtYTk4MjgzZTNkZWEzXkEyXkFqcGc@._V1_.jpg", "A mockumentary on a group of typical office workers, where the workday consists of ego clashes, inappropriate behavior, tedium and romance.", "Comedy", "0", "TV-14", "mockumentary, office, office romance, employer employee relationship, job", "US", "53", "DOWN 9", "", "", "Steve Carell, Jenna Fischer, John Krasinski", "Steve Carell, Jenna Fischer, John Krasinski, Rainn Wilson", "", "", "", "", "Scranton, Pennsylvania, USA", "English, Spanish, German, French", "", "1.78 : 1", "Color", "61", "211", "TV Series", "True", "False", "False"
"Criminal Minds", "8.1", "243520", "https://www.imdb.com/title/tt0452046/", "https://m.media-amazon.com/images/M/MV5BOGM2Zjk3ZTgtN2M4My00ZDJiLWI0MDQtYzM0ZDUxZjY1YTYwXkEyXkFqcGc@._V1_.jpg", "The FBI&apos;s Behavioral Analysis Unit in Quantico helps police solve violent serial crimes using profiling. Team members analyze evidence and psychology to catch unknown subjects, but their demanding work affects personal lives.", "Crime, Drama, Mystery", "0", "TV-14", "murder, serial murder, solving crime, violence, police investigation", "US", "54", "DOWN 3", "", "", "Kirsten Vangsness, A.J. Cook, Matthew Gray Gubler", "Kirsten Vangsness, A.J. Cook, Matthew Gray Gubler, Joe Mantegna", "", "", "", "", "Vancouver, British Columbia, Canada", "English", "Dolby Digital", "", "Color", "24", "35", "TV Series", "True", "False", "False"
"Paradise", "7.9", "91097", "https://www.imdb.com/title/tt27444205/", "https://m.media-amazon.com/images/M/MV5BYTNmMjEwZGYtZWJjNy00MjI2LWI3YmUtNTY3NjVkMmU4MDM0XkEyXkFqcGc@._V1_.jpg", "A Secret Service agent investigates the murder of a former president in a seemingly peaceful community.", "Action, Drama, Mystery", "0", "TV-MA", "conspiracy thriller, dystopian sci fi, murder mystery, whodunit, political thriller", "US", "55", "DOWN 1", "", "", "Sarah Shahi, Sterling K. Brown, Nicole Brydon Bloom", "Sarah Shahi, Sterling K. Brown, Nicole Brydon Bloom, Krys Marshall", "", "", "", "", "Warner Brothers Studios - 4000 Warner Boulevard, Burbank, California, USA", "English", "Dolby Digital", "2.39 : 1", "Color", "18", "47", "TV Series", "True", "False", "False"
"Off Campus", "7.8", "56889", "https://www.imdb.com/title/tt33546863/", "https://m.media-amazon.com/images/M/MV5BMDA0NzAzNDktYjBiOS00ZjFjLThhZTYtNzlkMDMzOTgxZTk5XkEyXkFqcGc@._V1_.jpg", "A college-set romantic drama chronicling the unexpected love story between a music student and the university&apos;s star hockey player, exploring themes of love and the complexities of adulthood through deep friendships and enduring b...", "Drama, Romance, Sport", "0", "TV-MA", "female topless nudity, sex scene, college, based on novel, heterosexual romance", "US", "56", "UP 8", "", "", "Ella Bright, Belmont Cameli, Mika Abdalla", "Ella Bright, Belmont Cameli, Mika Abdalla, Stephen Kalyn", "", "", "", "", "Vancouver, British Columbia, Canada", "English", "Dolby Digital", "2.00 : 1", "Color", "0", "2", "TV Series", "True", "False", "False"
"Sterling Point", "7.4", "17548", "https://www.imdb.com/title/tt35618070/", "https://m.media-amazon.com/images/M/MV5BYmI3ZGMzNWUtZjdmZC00YjNlLWE0NDktMTU3OTBhNjM4YzY0XkEyXkFqcGc@._V1_.jpg", "Annie and her twin brother, raised in New York City by their single father, discover that their estranged grandfather bequeathed them a lake island.", "Drama, Mystery, Romance", "0", "TV-MA", "female protagonist, lesbian, island, heritage, twin", "US", "57", "DOWN 11", "", "", "Ella Rubin, Amélie Hoeferle, Jacob Whiteduck-Lavoie", "Ella Rubin, Amélie Hoeferle, Jacob Whiteduck-Lavoie, Daniel Quinn Toye", "", "", "", "", "Mortimers Point Marina, Muskoka Lakes, Ontario, Canada", "English", "Dolby Atmos, Dolby Digital", "1.78 : 1", "Color", "0", "0", "TV Series", "True", "False", "False"
"Seni Taniyorum", "5.4", "1751", "https://www.imdb.com/title/tt39397536/", "https://m.media-amazon.com/images/M/MV5BYWNjNzcxYzctZGM4Zi00OWUwLTkyODctNzc1Y2U4MjZiZDY0XkEyXkFqcGc@._V1_.jpg", "A nanny with a complicated past comes between a husband and his wife in this steamy psychological drama.", "Drama, Thriller", "0", "TV-MA", "", "TR", "58", "UP 34", "", "", "Elçin Sangu, Melis Sezen, Ozan Dolunay", "Elçin Sangu, Melis Sezen, Ozan Dolunay, Ada Özdemir", "TRL 10", "", "", "", "", "Turkish", "", "", "Color", "0", "0", "TV Series", "True", "False", "False"
"Stranger Things", "8.6", "1742812", "https://www.imdb.com/title/tt4574334/", "https://m.media-amazon.com/images/M/MV5BMjEzMDAxOTUyMV5BMl5BanBnXkFtZTgwNzAxMzYzOTE@._V1_.jpg", "In 1980s Indiana, a group of young friends witness supernatural forces and secret government exploits. As they search for answers, the children unravel a series of extraordinary mysteries.", "Drama, Fantasy, Horror", "0", "TV-MA", "government conspiracy, 1980s, friendship, monster, small town", "US", "59", "DOWN 1", "", "", "Millie Bobby Brown, Finn Wolfhard, Winona Ryder", "Millie Bobby Brown, Finn Wolfhard, Winona Ryder, David Harbour", "", "", "", "", "Vilnius, Lithuania", "English", "Dolby Digital, Dolby Atmos", "2.00 : 1", "Color", "125", "346", "TV Series", "True", "False", "False"
"Succession", "8.8", "369020", "https://www.imdb.com/title/tt7660850/", "https://m.media-amazon.com/images/M/MV5BYTY4YTVkY2QtMjRmOS00YzliLWIxOWQtMTdkOTVkN2UzODNmXkEyXkFqcGc@._V1_.jpg", "The Roy family is known for controlling the biggest media and entertainment company in the world. However, their world changes when their father steps down from the company.", "Comedy, Drama", "0", "TV-MA", "business, media empire, wealth, dysfunctional family, betrayal", "US", "60", "UP 35", "", "", "Nicholas Braun, Brian Cox, Kieran Culkin", "Nicholas Braun, Brian Cox, Kieran Culkin, Peter Friedman", "", "", "", "", "Dundee, Scotland, UK", "English", "Dolby Surround 7.1", "1.78 : 1", "Color", "142", "265", "TV Series", "True", "False", "False"
"Rick and Morty", "9", "714415", "https://www.imdb.com/title/tt2861424/", "https://m.media-amazon.com/images/M/MV5BZGQyZjk2MzMtMTcyNC00NGU3LTlmNjItNDExMWM4ZDFhYmQ2XkEyXkFqcGc@._V1_.jpg", "The fractured domestic lives of a nihilistic mad scientist and his anxious grandson are further complicated by their inter-dimensional misadventures.", "Animation, Adventure, Comedy", "0", "TV-MA", "scientist, grandfather grandson relationship, monster, multiverse, dark comedy", "US", "61", "DOWN 14", "", "", "Chris Parnell, Spencer Grammer, Sarah Chalke", "Chris Parnell, Spencer Grammer, Sarah Chalke, Justin Roiland", "", "", "", "", "New York City, New York, USA", "English", "Dolby Digital", "16:9 HD", "Color", "18", "42", "TV Series", "True", "False", "False"
"Landman", "8.2", "117047", "https://www.imdb.com/title/tt14186672/", "https://m.media-amazon.com/images/M/MV5BNTQ1MzI1ZWYtNWMxMC00NmU4LTlmMjItZjY1NWMyYTdjMjM4XkEyXkFqcGc@._V1_.jpg", "A modern-day tale of fortune seeking in the world of West Texas oil rigs.", "Crime, Drama, Western", "0", "TV-MA", "female frontal nudity, female full frontal nudity, female rear nudity, oil business, contemporary western", "US", "62", "UP 7", "", "", "Billy Bob Thornton, Ali Larter, Demi Moore", "Billy Bob Thornton, Ali Larter, Demi Moore, Jacob Lofland", "", "", "", "", "Fort Worth, Texas, USA", "English, Spanish", "Dolby Digital", "2.00 : 1", "Color", "3", "23", "TV Series", "True", "False", "False"
"Mad Men", "8.7", "294935", "https://www.imdb.com/title/tt0804503/", "https://m.media-amazon.com/images/M/MV5BYTNjNjc5OWQtYjMxNC00MzEwLWIxM2UtNjU3NzhkNjZmNGI3XkEyXkFqcGc@._V1_.jpg", "A drama about one of New York&apos;s most prestigious ad agencies at the beginning of the 1960s, focusing on one of the firm&apos;s most mysterious but extremely talented ad executives, Donald Draper.", "Drama", "0", "TV-MA", "advertising, 1960s, new york, drinking, chain smoking", "US", "63", "UP 59", "", "", "Jon Hamm, Elisabeth Moss, Vincent Kartheiser", "Jon Hamm, Elisabeth Moss, Vincent Kartheiser, January Jones", "", "", "", "", "New York City, New York, USA", "English", "Stereo", "1.78 : 1", "Color", "167", "450", "TV Series", "True", "False", "False"
"Law &amp; Order: Special Victims Unit", "8.1", "147734", "https://www.imdb.com/title/tt0203259/", "https://m.media-amazon.com/images/M/MV5BMTU0NGIwMGQtNzk1OC00MzcxLTk0NDYtYWYyMjA3Mzg0ZWFkXkEyXkFqcGc@._V1_.jpg", "Follows the NYPD&apos;s specially trained squad of detectives who investigate sex crimes, including rape, paedophilia, child abuse, human trafficking and domestic violence.", "Crime, Drama, Mystery", "0", "TV-14", "shared universe, date rape, police, police procedural crime, cop drama", "US", "64", "DOWN 7", "", "", "Mariska Hargitay, Christopher Meloni, Ice-T", "Mariska Hargitay, Christopher Meloni, Ice-T, Dann Florek", "", "", "", "", "Pier 59 Studios, Chelsea Piers, Pier 59 - West 18th Street & West Side Highway, Chelsea, Manhattan, New York City, New York, USA", "English", "Stereo", "", "Color", "59", "181", "TV Series", "True", "False", "False"
"SEAL Team", "7.9", "41934", "https://www.imdb.com/title/tt6473344/", "https://m.media-amazon.com/images/M/MV5BMDc5ZjUzMTktYzg0MC00MTU3LTkzNzQtYzdiZmZkM2NlOTdjXkEyXkFqcGc@._V1_.jpg", "The lives of the elite Navy SEALs as they train, plan, and execute the most dangerous, high-stakes missions the United States of America can ask.", "Action, Drama, War", "0", "TV-14", "u.s. military, military, military uniform, nco, american", "US", "65", "DOWN 9", "", "", "David Boreanaz, Neil Brown Jr., A.J. Buckley", "David Boreanaz, Neil Brown Jr., A.J. Buckley, Toni Trucks", "", "", "", "", "Belgrade, Serbia", "English", "Stereo", "16:9 HD", "Color", "0", "3", "TV Series", "True", "False", "False"
"The White Lotus", "8", "335558", "https://www.imdb.com/title/tt13406094/", "https://m.media-amazon.com/images/M/MV5BZmM1MGM0MDQtZTAzNy00ZGJkLWI4MDUtNjBmMzdhYjhlM2QwXkEyXkFqcGc@._V1_.jpg", "The exploits of various guests and employees of a luxury resort over the span of a week.", "Comedy, Drama, Mystery", "0", "TV-MA", "satire, hawaii, vacation, resort, social commentary", "US", "66", "DOWN 1", "", "", "Jon Gries, Natasha Rothwell, Jennifer Coolidge", "Jon Gries, Natasha Rothwell, Jennifer Coolidge, Leslie Bibb", "", "", "", "", "Four Seasons Resort Maui at Wailea, Maui, Hawaii, USA", "English", "Dolby Digital", "1.78 : 1", "Color", "83", "228", "TV Series", "True", "False", "False"
"Person of Interest", "8.5", "216611", "https://www.imdb.com/title/tt1839578/", "https://m.media-amazon.com/images/M/MV5BOTcxNDJiMTUtN2ZhZS00OGE1LWJmZmYtN2VhYThiZTBhYWM1XkEyXkFqcGc@._V1_.jpg", "An off-the-grid and presumed-dead former CIA agent, John Reese, is hired by a mysterious tech billionaire software genius, Harold Finch, to prevent violent crimes before they happen in New York City via an advanced surveillance so...", "Action, Crime, Drama", "0", "TV-14", "artificial intelligence, ex cia agent, special operations, computer, officially listed as dead", "US", "67", "UP 15", "", "", "Jim Caviezel, Taraji P. Henson, Kevin Chapman", "Jim Caviezel, Taraji P. Henson, Kevin Chapman, Michael Emerson", "", "", "", "", "Silvercup Studios East, Long Island City, Queens, New York City, New York, USA", "English", "Dolby Digital", "1.78 : 1", "Color", "9", "24", "TV Series", "True", "False", "False"
"One Piece: Wan pîsu", "9", "369056", "https://www.imdb.com/title/tt0388629/", "https://m.media-amazon.com/images/M/MV5BMTNjNGU4NTUtYmVjMy00YjRiLTkxMWUtNzZkMDNiYjZhNmViXkEyXkFqcGc@._V1_.jpg", "A spirited young pirate sets sail with a growing crew in search of the legendary One Piece, facing dangerous seas and powerful rivals on his quest to become King of the Pirates.", "Animation, Action, Adventure", "0", "TV-14", "pirate, one piece, monkey d. luffy character, quest, treasure", "JP", "68", "UP 3", "", "", "Mayumi Tanaka, Akemi Okamura, Kazuya Nakai", "Mayumi Tanaka, Akemi Okamura, Kazuya Nakai, Kappei Yamaguchi", "JPY 10,000,000", "", "", "", "", "Japanese", "Stereo, Dolby Digital", "", "Color", "8", "20", "TV Series", "True", "False", "False"
"East of Eden", "0", "0", "https://www.imdb.com/title/tt21097264/", "https://m.media-amazon.com/images/M/MV5BY2FhZjRkNDEtMWViZC00YmM2LTljNTMtY2U4MzE3MDY0YmMwXkEyXkFqcGc@._V1_.jpg", "In the farmlands of the Salinas Valley in California, successive generations of two families, the Trasks and the Hamiltons, are destined to reenact the fateful story of Cain and Abel.", "Drama", "0", "", "tv mini series, love, life, american civil war, rivalry between brothers", "US", "69", "UP 68", "", "", "Florence Pugh, Mike Faist, Christopher Abbott", "Florence Pugh, Mike Faist, Christopher Abbott, Ciarán Hinds", "", "", "", "", "Dunedin, New Zealand", "English", "Dolby Digital", "2.00 : 1", "Color", "0", "0", "TV Mini Series", "True", "False", "False"
"Yellowstone", "8.6", "322798", "https://www.imdb.com/title/tt4236770/", "https://m.media-amazon.com/images/M/MV5BZTYxYTdjZjEtNTc0My00NDU2LTkwZmQtNjhhNmJiMzQ3Zjc1XkEyXkFqcGc@._V1_.jpg", "A ranching family in Montana faces off against others encroaching on their land.", "Drama, Western", "0", "TV-MA", "ranch, native american, contemporary western, ranch owner, father son relationship", "US", "70", "UP 7", "", "", "Kevin Costner, Luke Grimes, Kelly Reilly", "Kevin Costner, Luke Grimes, Kelly Reilly, Wes Bentley", "", "", "", "", "Chief Joseph Ranch, 125 Appaloosa Trail, Darby, Montana, USA", "English", "Stereo", "2.00 : 1", "Color", "11", "52", "TV Series", "True", "False", "False"
"Pluribus", "7.9", "177977", "https://www.imdb.com/title/tt22202452/", "https://m.media-amazon.com/images/M/MV5BOWNlM2E1MDMtYmI5MS00NDQ1LWI3NTctM2VlNjQ5OTAxYTNmXkEyXkFqcGc@._V1_.jpg", "In a world overtaken by a mysterious wave of forced happiness, Carol Sturka, one of the immune few, must uncover what&apos;s really going on - and save humanity from its artificial bliss.", "Drama, Sci-Fi", "0", "TV-MA", "female protagonist, dark comedy, psychological drama, dystopian sci fi, apple tv", "US", "71", "DOWN 40", "", "", "Rhea Seehorn, Karolina Wydra, Carlos-Manuel Vesga", "Rhea Seehorn, Karolina Wydra, Carlos-Manuel Vesga, Miriam Shor", "", "", "", "", "Albuquerque, New Mexico, USA", "English", "Dolby Digital, Dolby Atmos", "2.39 : 1", "Color", "24", "59", "TV Series", "True", "False", "False"
"Bleach: Sennen Kessen-hen", "9", "115229", "https://www.imdb.com/title/tt14986406/", "https://m.media-amazon.com/images/M/MV5BMjgyM2QzMjAtOGZjOS00OGFkLTkxZGYtMDJjZGM5MzIzYmM3XkEyXkFqcGc@._V1_.jpg", "The peace is suddenly broken when warning sirens blare through the Soul Society. Residents are disappearing without a trace and nobody knows who&apos;s behind it. Meanwhile, a darkness is approaching Ichigo and his friends in Karakura ...", "Animation, Action, Adventure", "0", "TV-14", "urban adventure, based on manga, sequel, sequel to tv series, martial arts", "JP", "72", "DOWN 51", "", "", "Masakazu Morita, Johnny Yong Bosch, Fumiko Orikasa", "Masakazu Morita, Johnny Yong Bosch, Fumiko Orikasa, Hiroki Yasumoto", "", "", "", "", "", "Japanese, English", "Dolby Digital", "16:9 HD", "Color", "0", "16", "TV Series", "True", "False", "False"
"Gilmore Girls", "8.2", "177996", "https://www.imdb.com/title/tt0238784/", "https://m.media-amazon.com/images/M/MV5BMzM2OGZjMTItNzc2OS00YzA4LWE0ZTUtYzE5NjU0MTIyZjcyXkEyXkFqcGc@._V1_.jpg", "A dramedy centering around the relationship between a thirtysomething single mother and her teen daughter living in Stars Hollow, Connecticut.", "Comedy, Drama", "0", "TV-PG", "single mother, small town, teenage girl, friendship between women, female protagonist", "US", "73", "UP 25", "", "", "Lauren Graham, Alexis Bledel, Melissa McCarthy", "Lauren Graham, Alexis Bledel, Melissa McCarthy, Scott Patterson", "", "", "", "", "Toronto, Ontario, Canada", "English", "Stereo, Dolby Digital", "", "Color", "23", "85", "TV Series", "True", "False", "False"
"Shameless", "8.5", "339668", "https://www.imdb.com/title/tt1586680/", "https://m.media-amazon.com/images/M/MV5BMWUwZjJmYjctYTY3MC00ZTVlLWI1ZGEtNWQzMTFlMTcwMTY2XkEyXkFqcGc@._V1_.jpg", "A scrappy, feisty, fiercely loyal Chicago family makes no apologies.", "Comedy, Drama", "0", "TV-MA", "brother sister relationship, alcoholic father, dysfunctional family, poor family, gay relationship", "US", "74", "UP 1", "", "", "Emmy Rossum, William H. Macy, Jeremy Allen White", "Emmy Rossum, William H. Macy, Jeremy Allen White, Ethan Cutkosky", "", "", "", "", "2119 S Homan Ave, Chicago, Illinois, USA", "English", "Dolby Digital", "16:9 HD", "Color", "17", "68", "TV Series", "True", "False", "False"
"Party Down", "8.2", "39911", "https://www.imdb.com/title/tt1073507/", "https://m.media-amazon.com/images/M/MV5BYWYwNWIzOGEtODQ0ZS00ZDBiLTg5ZDYtMjRjY2Y4NGFhNmFjXkEyXkFqcGc@._V1_.jpg", "A group of actors move to Los Angeles to make it big, but end up working as caterers.", "Comedy, Drama", "0", "TV-MA", "wannabe actor, catering service, bartender, man wears eyeglasses, woman wears eyeglasses", "US", "75", "UP 1164", "", "", "Adam Scott, Ken Marino, Ryan Hansen", "Adam Scott, Ken Marino, Ryan Hansen, Martin Starr", "", "", "", "", "", "English", "Stereo", "1.78 : 1", "Color", "7", "24", "TV Series", "True", "False", "False"
"The Bear", "8.5", "326988", "https://www.imdb.com/title/tt14452776/", "https://m.media-amazon.com/images/M/MV5BMjk2NWI5OTctODcwYy00NGRmLWFmN2YtOTZiNzFiYjVlODBkXkEyXkFqcGc@._V1_.jpg", "A young chef from the fine-dining world returns to Chicago to run his family&apos;s sandwich shop.", "Comedy, Drama", "0", "TV-MA", "chef, chicago illinois, family business, restaurant kitchen, cousin cousin relationship", "US", "76", "DOWN 14", "", "", "Jeremy Allen White, Ebon Moss-Bachrach, Ayo Edebiri", "Jeremy Allen White, Ebon Moss-Bachrach, Ayo Edebiri, Lionel Boyce", "", "", "", "", "666 North Orleans Street, Chicago, Illinois, USA", "English, Spanish", "Dolby Surround 7.1", "1.78 : 1, 2.39 : 1", "Color", "119", "224", "TV Series", "True", "False", "False"
"S.W.A.T. Exiles", "5.3", "373", "https://www.imdb.com/title/tt36984433/", "https://m.media-amazon.com/images/M/MV5BZWMzMDczODUtYzJjYy00MDYzLWE1MTgtNzFlYzU3ZDg1MWJkXkEyXkFqcGc@._V1_.jpg", "A SWAT team veteran is pulled out of retirement to lead a last-chance experimental unit comprised of untested and unpredictable recruits.", "Action, Crime, Drama", "0", "TV-14", "police procedural crime, urban adventure, cop drama, psychological thriller", "US", "77", "UP 457", "", "", "Louis Farah, Shemar Moore, Lucy Barrett", "Louis Farah, Shemar Moore, Lucy Barrett, Adain Bradley", "", "", "", "", "Los Angeles, California, USA", "", "Stereo", "1.78 : 1", "Color", "0", "0", "TV Series", "True", "False", "False"
"Dexter", "8.6", "957407", "https://www.imdb.com/title/tt0773262/", "https://m.media-amazon.com/images/M/MV5BNTE5ZGI2N2UtYmFiMi00ZGIxLWI1ZTMtYWJkZDYxNDZiOTQwXkEyXkFqcGc@._V1_.jpg", "He&apos;s smart. He&apos;s lovable. He&apos;s Dexter Morgan, America&apos;s favorite serial killer, who spends his days solving crimes and his nights committing them.", "Crime, Drama, Mystery", "0", "TV-MA", "double life, police department, dark secret, homicide, serial murder", "US", "78", "DOWN 12", "", "", "Michael C. Hall, Jennifer Carpenter, David Zayas", "Michael C. Hall, Jennifer Carpenter, David Zayas, James Remar", "", "", "", "", "1155 103rd St, Bay Harbor Islands, Florida, USA", "English, Spanish", "Dolby Digital", "16:9 HD", "Color", "56", "202", "TV Series", "True", "False", "False"
"The Diplomat", "8", "101683", "https://www.imdb.com/title/tt17491088/", "https://m.media-amazon.com/images/M/MV5BMmY4YWMyOGItMzA1MC00ZjY0LWEyM2QtZWFmNGNhNDZlZjk5XkEyXkFqcGc@._V1_.jpg", "In the midst of an international crisis, Kate Wyler, a career diplomat, lands in a high-profile job for which she is not suited, with tectonic implications for her marriage and her political future.", "Drama, Thriller", "0", "TV-MA", "political drama, marriage, female nudity, female rear nudity, husband wife relationship", "GB", "79", "DOWN 53", "", "", "Keri Russell, Rufus Sewell, David Gyasi", "Keri Russell, Rufus Sewell, David Gyasi, Ali Ahn", "", "", "", "", "Wrotham Park, Barnet Road, South Mimms, Potters Bar, Hertfordshire, England, UK", "English", "Dolby Atmos", "2.20:1", "Color", "7", "67", "TV Series", "True", "False", "False"
"Ludwig", "8.1", "25966", "https://www.imdb.com/title/tt27846061/", "https://m.media-amazon.com/images/M/MV5BYjE2YzA2YzAtZmE5MS00YmVkLTgxNWItYWYxNmMxZGE5M2Q3XkEyXkFqcGc@._V1_.jpg", "While seeking to unravel the mystery of his twin brother&apos;s disappearance, reclusive puzzle-designer John &apos;Ludwig&apos; Taylor takes on his twin brother James&apos;s identity as DCI on Cambridge&apos;s major crimes squad.", "Comedy, Crime, Drama", "0", "", "identical twin brother, puzzle designer, police detective, cambridge england, middle aged man", "GB", "80", "DOWN 38", "", "", "David Mitchell, Anna Maxwell Martin, Dylan Hughes", "David Mitchell, Anna Maxwell Martin, Dylan Hughes, Dipo Ola", "", "", "", "", "2 The Square, Stockley Park, London, England, UK", "English", "Stereo", "2.39:1", "Color", "6", "9", "TV Series", "True", "False", "False"
"The Drop: A Snowfall Saga", "7", "806", "https://www.imdb.com/title/tt36210894/", "https://m.media-amazon.com/images/M/MV5BN2U5YjQ1ZGEtOTAyMS00YTcxLWJkYzEtYzM0ZjI2NDU0Y2RkXkEyXkFqcGc@._V1_.jpg", "As 1990s LA shifts from crack to rap, gang territories controlled by Bloods and Crips become ground zero for an emerging music scene in South Central.", "Crime, Drama, Music", "0", "TV-MA", "", "US", "81", "DOWN 14", "", "", "Fatimah Hassan, Chloe Ray, Zaakirah Hisle", "Fatimah Hassan, Chloe Ray, Zaakirah Hisle, Gail Bean", "", "", "", "", "Avalon Blvd, Wilmington, Los Angeles, California, USA", "English", "Dolby Digital", "2.00 : 1", "Color", "0", "0", "TV Series", "True", "False", "False"
"Anna Pigeon", "6", "1622", "https://www.imdb.com/title/tt36937503/", "https://m.media-amazon.com/images/M/MV5BZjk4YWU1MWQtYWE2Mi00NzEyLWFmNjUtMDE1MjE1ZTYyZDFjXkEyXkFqcGc@._V1_.jpg", "Park ranger Anna Pigeon left city life after personal tragedy. Now she channels her pain into investigating crimes in national parks, determined to solve cases despite any obstacles.", "Crime, Drama, Mystery", "0", "", "female park ranger, scene of the crime, woman wears a uniform", "US", "82", "UP 31", "", "", "Tracy Spiridakos, Cooper Levy, Ryan Northcott", "Tracy Spiridakos, Cooper Levy, Ryan Northcott, Paulina Alexis", "", "", "", "", "Calgary, Alberta, Canada", "English", "Stereo", "2.00 : 1", "Color", "0", "3", "TV Series", "True", "False", "False"
"Doc", "7.3", "7613", "https://www.imdb.com/title/tt26748321/", "https://m.media-amazon.com/images/M/MV5BMzBlMzg3ODItZDAwMC00OGFlLTg5YTEtMGU2YmEwY2E5NDlhXkEyXkFqcGc@._V1_.jpg", "Dr. Amy Larsen loses her memory during a car accident. She must return to being an intern and somehow rebuild her life from the pieces that remain.", "Drama", "0", "TV-14", "", "US", "83", "UP 256", "", "", "Molly Parker, Omar Metwally, Jon-Michael Ecker", "Molly Parker, Omar Metwally, Jon-Michael Ecker, Amirah Vann", "", "", "", "", "Maanjiwe Nendamowinan Building - University of Toronto, Mississauga campus, Mississauga, Ontario, Canada", "English", "Stereo", "16:9 HD", "Color", "1", "1", "TV Series", "True", "False", "False"
"The Shards", "6", "6964", "https://www.imdb.com/title/tt27543562/", "https://m.media-amazon.com/images/M/MV5BZDgwMTAzZDUtY2VmNC00MGM2LThiNmQtZDU5N2JlZDQ4ODY0XkEyXkFqcGc@._V1_.jpg", "The Shards is part teenage coming of age, erotic thriller and exploration of the untamed and mysterious era of Los Angeles 1981, tracking a group of privileged high school friends as a serial killer strikes across the city.", "Crime, Drama, Horror", "0", "TV-MA", "gay, serial killer, los angeles california, california, whodunit", "US", "84", "DOWN 49", "", "", "Igby Rigney, Kaia Gerber, Homer Gere", "Igby Rigney, Kaia Gerber, Homer Gere, Hayes Warner", "", "", "", "", "Westwood Village, Westwood, Los Angeles, California, USA", "English", "Dolby Digital", "1.85 : 1", "Color", "0", "0", "TV Series", "True", "False", "False"
"The Lizzie Borden Chronicles", "6.9", "4940", "https://www.imdb.com/title/tt4145760/", "https://m.media-amazon.com/images/M/MV5BMjE1NDgxMzQ4M15BMl5BanBnXkFtZTgwODI3NzkwNTE@._V1_.jpg", "Fictionalized account of actual events and people surrounding Lizzie Andrew Borden after her controversial acquittal of the double murder of her father and stepmother in 1892.", "Biography, Crime, Drama", "0", "TV-14", "tv mini series, serial murder, heiress, corruption, psychopath", "US", "85", "DOWN 33", "", "", "Christina Ricci, Clea DuVall, Cole Hauser", "Christina Ricci, Clea DuVall, Cole Hauser, Dylan Taylor", "", "", "", "", "Halifax, Nova Scotia, Canada", "English", "Stereo", "16:9 HD", "Color", "0", "3", "TV Mini Series", "True", "False", "False"
"Black Mirror", "8.7", "750337", "https://www.imdb.com/title/tt2085059/", "https://m.media-amazon.com/images/M/MV5BODcxMWI2NDMtYTc3NC00OTZjLWFmNmUtM2NmY2I1ODkxYzczXkEyXkFqcGc@._V1_.jpg", "Featuring stand-alone dramas -- sharp, suspenseful, satirical tales that explore techno-paranoia -- &quot;Black Mirror&quot; is a contemporary reworking of &quot;The Twilight Zone&quot; with stories that tap into the collective unease about the moder...", "Crime, Drama, Mystery", "0", "TV-MA", "anthology, dystopia, technology, dystopian future, dark satire", "GB", "86", "DOWN 7", "", "", "Anjana Vasan, Cristin Milioti, Jesse Plemons", "Anjana Vasan, Cristin Milioti, Jesse Plemons, Aaron Paul", "", "", "", "USD 320,000", "Toronto, Ontario, Canada", "English", "Stereo, Dolby Digital", "1.33 : 1", "Color", "49", "186", "TV Series", "True", "False", "False"
"I Will Find You", "7.1", "66790", "https://www.imdb.com/title/tt34771210/", "https://m.media-amazon.com/images/M/MV5BYWFkOGU5ZTYtZTlhMi00NThiLWI3ZDEtMGQ2Y2UzNjlkZTUxXkEyXkFqcGc@._V1_.jpg", "A father imprisoned for his son&apos;s murder receives evidence suggesting his child may be alive, compelling him to escape and uncover the truth.", "Crime, Drama, Mystery", "0", "TV-MA", "innocent, murder, criminal, tv mini series, psychological thriller", "US", "87", "DOWN 14", "", "", "Sam Worthington, Britt Lower, Chi McBride", "Sam Worthington, Britt Lower, Chi McBride, Logan Browning", "", "", "", "", "Kingston, Ontario, Canada", "English", "Dolby Digital", "2.00 : 1", "Color", "0", "0", "TV Mini Series", "True", "False", "False"
"From", "7.7", "209252", "https://www.imdb.com/title/tt9813792/", "https://m.media-amazon.com/images/M/MV5BNDAwNDljNWEtNWE1Zi00YjFlLWEzM2UtY2E3ZTM1MTcxMTcyXkEyXkFqcGc@._V1_.jpg", "A town with a hidden secret experiences strange occurrences that intensify at night. Mysterious forces disrupt everyday routines as residents try to preserve stability and community while attempting to comprehend their surroundings.", "Drama, Fantasy, Horror", "0", "TV-MA", "small town, trapped, supernatural horror, forest, creature", "US", "88", "DOWN 20", "", "", "Harold Perrineau, Catalina Sandino Moreno, David Alpay", "Harold Perrineau, Catalina Sandino Moreno, David Alpay, Elizabeth Saunders", "", "", "", "", "Colony House, 451 Fennerty Crescent, Beaver Bank, Canada", "English", "Dolby Digital", "2.00 : 1", "Color", "3", "35", "TV Series", "True", "False", "False"
"Minerva - La scuola", "5.5", "500", "https://www.imdb.com/title/tt28765828/", "https://m.media-amazon.com/images/M/MV5BZDI2YTkzYjItZWIzZi00MWFkLWI3MzctYmU3OWVhODUwNjM5XkEyXkFqcGc@._V1_.jpg", "At Minerva Military High School, teens navigate discipline, rivalry and family pressure as a young cadet searches for answers about his missing friend.", "Drama", "0", "TV-MA", "teen drama", "IT", "89", "UP 1991", "", "", "Biagio Venditti, Margherita Buoncristiani, Simone Secce", "Biagio Venditti, Margherita Buoncristiani, Simone Secce, Giulio Brizzi", "", "", "", "", "", "Italian", "", "", "Color", "0", "0", "TV Series", "True", "False", "False"
"Fleabag", "8.7", "253870", "https://www.imdb.com/title/tt5687612/", "https://m.media-amazon.com/images/M/MV5BMjA4MzU5NzQxNV5BMl5BanBnXkFtZTgwOTg3MDA5NzM@._V1_.jpg", "Series adapted from the award-winning play about a young woman trying to cope with life in London whilst coming to terms with a recent tragedy.", "Comedy, Drama", "0", "TV-MA", "dark comedy, sister sister relationship, female protagonist, british comedy, london england", "GB", "90", "UP 262", "", "", "Phoebe Waller-Bridge, Sian Clifford, Olivia Colman", "Phoebe Waller-Bridge, Sian Clifford, Olivia Colman, Jenny Rainsford", "", "", "", "", "Southampton Road, London, England, UK", "English", "Stereo", "2.39 : 1", "Color", "70", "71", "TV Series", "True", "False", "False"
"Friends", "8.8", "1209680", "https://www.imdb.com/title/tt0108778/", "https://m.media-amazon.com/images/M/MV5BOTU2YmM5ZjctOGVlMC00YTczLTljM2MtYjhlNGI5YWMyZjFkXkEyXkFqcGc@._V1_.jpg", "The personal and professional lives of six friends living in the Manhattan borough of New York City.", "Comedy, Romance", "0", "TV-14", "friendship, new york city, friend, boyfriend girlfriend relationship, famous opening theme", "US", "91", "UP 2", "", "", "Jennifer Aniston, Courteney Cox, Lisa Kudrow", "Jennifer Aniston, Courteney Cox, Lisa Kudrow, Matt LeBlanc", "", "USD 246,168", "USD 89,007", "USD 89,007", "Las Vegas, Nevada, USA", "English, Spanish, Italian, French, Dutch, Hebrew", "Stereo", "1.33 : 1, 4:3", "Color", "79", "231", "TV Series", "True", "False", "False"
"The Split Up", "6.9", "335", "https://www.imdb.com/title/tt31709918/", "https://m.media-amazon.com/images/M/MV5BMmU5ZWRjZDctYjU4NS00NjI5LTk5NmEtMmNlNDAxNzE2MDFkXkEyXkFqcGc@._V1_.jpg", "The prestigious Kishan Law faces turmoil when a past secret resurfaces, jeopardizing its future and shaking the elite Manchester firm&apos;s professional and personal lives.", "Drama", "0", "", "legal drama", "GB", "92", "UP 689", "", "", "Ritu Arya, Sanjeev Bhaskar, Debbie Rush", "Ritu Arya, Sanjeev Bhaskar, Debbie Rush, Jacob Krishna", "", "", "", "", "", "English", "", "", "Color", "0", "0", "TV Series", "True", "False", "False"
"Grey&apos;s Anatomy", "7.6", "378347", "https://www.imdb.com/title/tt0413573/", "https://m.media-amazon.com/images/M/MV5BYTVjNWVhYTctMGJkMS00NWFjLWE2N2QtNmQ1Y2FhZDFkNzUwXkEyXkFqcGc@._V1_.jpg", "A drama centered on the personal and professional lives of five surgical interns and their supervisors.", "Drama, Romance", "0", "TV-14", "surgeon, hospital, bisexual doctor, work romance, surgery", "US", "93", "DOWN 8", "", "", "Ellen Pompeo, Chandra Wilson, James Pickens Jr.", "Ellen Pompeo, Chandra Wilson, James Pickens Jr., Kevin McKidd", "", "", "", "", "Veterans Hospital - 1611 Plummer Street, North Hills, Los Angeles, California, USA", "English", "Dolby Digital, Stereo", "16:9 HD", "Color", "90", "253", "TV Series", "True", "False", "False"
"War", "0", "0", "https://www.imdb.com/title/tt37972251/", "https://m.media-amazon.com/images/M/MV5BMzEyOTg2YWItN2M1Mi00ZGJmLWJhOGUtMjhhZGVjNjIwNTkxXkEyXkFqcGc@._V1_.jpg", "Two top London law firms clash over a shocking divorce case that rocks the legal world, with elite attorneys from Cathcarts and Taylor and Byrne battling for supremacy.", "Drama, Thriller", "0", "TV-MA", "legal drama", "GB", "94", "DOWN 7", "", "", "Sienna Miller, Dominic West, Rebecca Bellavia", "Sienna Miller, Dominic West, Rebecca Bellavia, Nina Sosanya", "", "", "", "", "London, England, UK", "English", "Dolby Digital", "2.39 : 1", "Color", "0", "0", "TV Series", "True", "False", "False"
"The Boys", "8.5", "1028793", "https://www.imdb.com/title/tt1190634/", "https://m.media-amazon.com/images/M/MV5BZjU4OWNiYzQtMzc1NS00NjZlLTgyYTctZWY4ZmEzMTkxYjA4XkEyXkFqcGc@._V1_.jpg", "A group of vigilantes set out to take down corrupt superheroes who abuse their superpowers.", "Action, Comedy, Crime", "0", "TV-MA", "violence, enhancement drug, corporate marketing, supernatural power, superhero versus superhero", "US", "95", "DOWN 7", "", "", "Karl Urban, Jack Quaid, Antony Starr", "Karl Urban, Jack Quaid, Antony Starr, Erin Moriarty", "", "", "", "", "Hamilton, Ontario, Canada", "English", "Dolby Digital, Dolby Atmos", "2.39 : 1", "Color", "31", "108", "TV Series", "True", "False", "False"
"Adults", "7.7", "13311", "https://www.imdb.com/title/tt33049767/", "https://m.media-amazon.com/images/M/MV5BMGRlNzJlYmMtY2FiYy00NzQyLWE1NTUtZGVhZjNlMTQ1YTVlXkEyXkFqcGc@._V1_.jpg", "A twenty-something ensemble comedy centering on codependent housemates navigating adulthood together despite their flaws.", "Comedy", "0", "TV-MA", "gay, bisexual man, friendship between man and woman, female protagonist, bisexual", "US", "96", "DOWN 43", "", "", "Malik Elassal, Lucy Freyer, Jack Innanen", "Malik Elassal, Lucy Freyer, Jack Innanen, Amita Rao", "", "", "", "", "Toronto, Ontario, Canada", "English", "Dolby Digital", "", "Color", "1", "2", "TV Series", "True", "False", "False"
"Loki", "8.2", "488937", "https://www.imdb.com/title/tt9140554/", "https://m.media-amazon.com/images/M/MV5BYzA2YjM2ZWQtYTZhMS00OTI3LTlhYzQtZjBiZWZkMDdlNjA5XkEyXkFqcGc@._V1_.jpg", "The mercurial villain Loki resumes his role as the God of Mischief in a new series that takes place after the events of “Avengers: Endgame.”", "Action, Adventure, Fantasy", "0", "TV-14", "marvel cinematic universe, multiverse, based on comic, time travel, magic", "US", "97", "UP 71", "", "", "Tom Hiddleston, Owen Wilson, Sophia Di Martino", "Tom Hiddleston, Owen Wilson, Sophia Di Martino, Wunmi Mosaku", "", "", "", "", "London, Greater London, England, UK", "English", "Dolby Digital, Dolby Atmos", "", "Color", "16", "97", "TV Series", "True", "False", "False"
"The Last of Us", "8.4", "751861", "https://www.imdb.com/title/tt3581920/", "https://m.media-amazon.com/images/M/MV5BYWI3ODJlMzktY2U5NC00ZjdlLWE1MGItNWQxZDk3NWNjN2RhXkEyXkFqcGc@._V1_.jpg", "After a global pandemic destroys civilization, a hardened survivor takes charge of a 14-year-old girl who may be humanity&apos;s last hope.", "Action, Adventure, Drama", "0", "TV-MA", "post apocalypse, zombie horror, survival, based on video game, gun violence", "CA", "98", "UP 25", "", "", "Bella Ramsey, Pedro Pascal, Gabriel Luna", "Bella Ramsey, Pedro Pascal, Gabriel Luna, Isabela Merced", "", "", "", "", "Calgary, Alberta, Canada", "English, Indonesian", "Dolby Atmos, Dolby Digital", "1.78 : 1", "Color", "110", "208", "TV Series", "True", "False", "False"
"Tires", "7.7", "26856", "https://www.imdb.com/title/tt31491435/", "https://m.media-amazon.com/images/M/MV5BMDUyMjhlZTQtYTFhZi00OWU3LTg5MDQtNzE3ZTUyNWZmODkwXkEyXkFqcGc@._V1_.jpg", "Will, an unqualified heir, attempts to turn his auto repair business around while enduring torment from his now-employee cousin Shane.", "Comedy", "0", "TV-MA", "workplace, workplace comedy, work, office, business", "US", "99", "DOWN 23", "", "", "Shane Gillis, Steve Gerben, Chris O'Connor", "Shane Gillis, Steve Gerben, Chris O'Connor, Kilah Fox", "", "", "", "", "West Chester, Pennsylvania, USA", "English", "Dolby Surround 7.1", "1.78 : 1", "Color", "0", "2", "TV Series", "True", "False", "False"
"Shaque: Trust No One", "5.1", "727", "https://www.imdb.com/title/tt35929525/", "https://m.media-amazon.com/images/M/MV5BYWRlNDA3MGYtMWMzZS00MDAwLTk4MTAtY2RhMGI3OTA2OTY1XkEyXkFqcGc@._V1_.jpg", "A mother receives yearly photos of her missing child. After nine years of searching, she discovers the truth about the abduction lies not far away, but hidden among her closest circle.", "Crime, Mystery, Thriller", "0", "", "", "IN", "100", "UP 2765", "", "", "Janhavi Bansal, AB Vampking, Sumeet Vyas", "Janhavi Bansal, AB Vampking, Sumeet Vyas, Parineeti Chopra", "", "", "", "", "", "Hindi", "", "", "Color", "0", "0", "TV Series", "True", "False", "False"
